year,country_code,"Central government debt, total (% of GDP)",Expense (% of GDP),"Foreign direct investment, net inflows (% of GDP)",GDP (current US$),GDP growth (annual %),GDP per capita (current US$),GDP per capita growth (annual %),Imports of goods and services (annual % growth),"Inflation, GDP deflator (annual %)",Military expenditure (% of GDP),Research and development expenditure (% of GDP),Trade (% of GDP)
2012,AFG,,41.0323120371052,0.299592101692759,20536542736.7297,14.4347412879524,690.842629014956,10.9022578837831,,8.3047608561584,1.1447151131951,,44.659247762082
2012,ALB,,,7.46831755609706,12319784787.2987,1.41999999814648,4247.83985201907,1.57851644863899,-6.58135038394953,1.03996061572434,1.48708257653319,,85.3385104513109
2012,ARE,,4.26158857805326,2.3641178706055,373431994554.118,6.79262162822587,41712.3979484395,4.1943016378745,5.15666778405685,0.330968460539282,5.09439424133513,,175.959528345981
2012,ARG,,,2.79157724687076,548934618735.756,-1.05287445030977,13040.306395228,-2.08619708968207,-4.72826320336759,22.3090102454593,0.780600598500981,0.609390020370483,30.3622409032088
2012,ARM,,21.3736421560682,4.67672787765567,10619320048.5857,7.20000000328227,3565.5175749254,6.82729024793407,-2.80000000067427,5.34580441586994,3.58376691873744,0.238529995083809,75.9667433930304
2012,AUS,40.4096305062822,26.2582777459582,3.74317116524714,1537477830480.51,3.63272030319823,67646.1038529626,1.86253016878182,11.6266505235133,2.05591428035885,1.69813674427214,,42.6955975871972
2012,AUT,85.3668438294817,45.9636059831048,1.28104304759576,407451583084.239,0.745756100086155,48333.572726737,0.287464002867296,1.09345767330676,1.98919785277036,0.782235046652819,2.88561010360718,105.000006937503
2012,AZE,,22.4930086119085,7.70141161218631,68730906313.6456,2.20000018843571,7393.77187697623,0.850986009199033,2.19999966079118,1.4413442651971,4.72321511251042,0.217240005731583,79.3484581905732
2012,BDI,,,0.0244670500056161,2472384906.99794,4.01936552951105,244.19648623151,0.583540267984489,4.56511013727257,15.4165011550702,2.38501869074756,,46.4189800438818
2012,BEL,8.10841081073269,45.8021043091344,1.34234394184714,497884216568.867,0.137127795952139,44740.5832481477,-0.587266602035612,1.40479628564788,2.07412995040701,1.03819328046625,2.36268997192383,163.994977033554
2012,BFA,,14.5365284952734,2.94896576478957,11166654260.5289,6.45267475434646,673.06251119393,3.34739899845293,24.2933402295106,5.82399947692424,1.32300642548991,,62.6790761707104
2012,BGD,,9.40257015132424,1.1881028498084,133355749482.478,6.52143507837333,858.933362587621,5.25094010062226,10.5185591685069,8.16459774560592,0.00141461266724646,,48.1109227476789
2012,BGR,17.0979644921078,30.5007024038605,3.31703070861092,53903028252.2996,0.0309436075978766,7378.02553944156,0.612024681754278,5.54924438468677,1.55532399363496,1.49816415469114,0.608479976654053,124.776324554891
2012,BHR,,,2.89835267009983,30749308510.6383,3.72810843046017,23057.7675759542,1.58420683897442,2.34386727377999,3.01476585183988,3.84457702733326,,122.190085575355
2012,BHS,,,6.2646631498324,8399031000.0,3.08665677915651,22554.5157201628,1.51511593859432,9.67132157114987,3.26745806117748,,,103.710825689297
2012,BIH,49.1458416935329,39.0768610572535,2.27795996981763,17207367625.8048,-0.933187591316027,4494.64064038047,-0.832501389758107,0.645159747865293,0.878149888652004,1.14686889330015,0.270370006561279,88.0755566695065
2012,BLR,25.224401368516,28.5214351505735,2.30069912575244,63615445566.8483,1.7313912233863,6721.83490773968,1.82813493862413,10.900101662082,75.4385806262073,1.28438943312552,0.667050004005432,158.067654620344
2012,BLZ,74.4711439434734,22.4807386687461,12.3391219756969,1573867323.54972,3.74040920716112,4674.29344667534,1.42532388139536,4.48716297332557,1.89579136213662,0.966989070315955,,129.113187352234
2012,BOL,,,3.91354758665219,27084515195.369,5.12237099267816,2645.29199871713,3.47425538248733,4.28376767160621,7.09996672292566,1.8455934684805,,84.948758776195
2012,BRA,59.9596768422512,28.6204797222525,3.51964748775472,2460658440428.04,1.91545862251942,12157.3082176473,0.966806342975872,0.725448294862446,7.8179154478924,1.38119466190808,1.15113997459412,24.8108787676512
2012,BTN,72.5156742224457,20.4358757554924,1.33688540104042,1823692109.61652,5.07170981496216,2452.15158793741,3.45193122754239,-7.12562843276859,9.18073918721305,,,101.763927226458
2012,CAF,,9.40636812440307,3.2064681857572,2184183758.31567,4.11279786850471,472.818218057294,2.11602731914746,,2.5799758050627,,,33.2096656308712
2012,CAN,54.7753795243383,17.5597759061843,2.70668835540713,1824288757447.57,1.74547228318005,52495.2884719937,0.548890948325493,3.59401036907079,1.2212523760043,1.12109997322812,1.78606998920441,62.3971367253161
2012,CHE,,16.3417615364849,3.95270985488914,665054050620.785,1.04810263610355,83164.3879543217,-0.0191693713695145,-2.55453640949706,-0.191192437927029,0.690494707789343,2.96661996841431,124.243368210568
2012,CHL,,20.4086438589065,10.7291299914932,265231582123.55,5.45713060960065,15253.3308268909,4.32221527677139,4.77722208632277,0.85003056233262,2.06467529392943,0.364789992570877,68.8127223754656
2012,CHN,,,2.81773900497205,8560546868811.69,7.8562621102694,6337.8829926902,7.33203098425359,,2.39247173876255,1.83921096459762,1.92809998989105,48.1078613378601
2012,CIV,,15.2002109389827,1.22140362451556,27040562587.1771,10.7065041030832,1281.38286516731,8.0914873194607,34.7947386742675,4.1174030072391,1.50735197528083,,92.8080889884346
2012,CMR,,,1.99226724396522,26472056037.7696,4.58873870051141,1222.19214220436,1.97915901262837,1.24666283084626,2.99789436911742,1.33894924209206,,45.4027769165757
2012,COG,,15.5477245868439,15.7325999167314,13677930123.5919,3.79999585362292,3191.16429881094,1.16628941119224,-7.00000000034893,-1.16996160152682,,,144.104413019189
2012,COL,65.4503129801084,25.1184219559195,4.06843706851889,369659700375.52,4.0439438063715,7885.06129230214,2.99071705050034,9.07429035697965,2.98898695559318,3.16677706852945,0.206929996609688,38.2960977959774
2012,CYP,119.217650382699,40.2640365747162,198.305447750222,25012206090.1966,-3.15777767372168,28951.1555598986,-4.62216116164097,-4.43558989502641,1.87860372286728,1.65716340473622,0.429250001907349,108.495916165819
2012,CZE,40.6395508079978,33.0182033502204,4.54882936324756,207376427020.815,-0.799844281176618,19729.8705111763,-0.938553681911159,2.66147564547981,1.45997467346612,1.03468252513848,1.79038000106812,147.537458939997
2012,DEU,55.1597746405343,28.4227375229311,1.84719447462816,3543983909148.01,0.491992829138056,44065.2489082767,2.2061181587931,-0.0654085887921241,1.54029407928131,1.31126144743425,2.87167000770569,85.8747543741344
2012,DJI,,,8.12615091720048,1353632941.5207,4.84237957254818,1586.78013328429,3.45766263799318,,4.19385128628613,,,
2012,DNK,48.9555806387358,43.7996945753934,0.847331358946141,325012162409.979,-0.073322003416564,58125.3648186912,-0.448611857133585,1.81714765767514,2.76002404437573,1.3607064603944,3.02631998062134,101.719460859173
2012,DOM,,15.8464510021777,5.63552974443481,60613645121.3529,2.79391037219111,5968.82621798218,1.49928867306942,1.90420793696448,5.06071858609324,0.653627046805837,,58.4842230690735
2012,DZA,,,0.71773316841545,209047389599.67,3.39999999999992,5583.61615950131,1.40516971052995,13.9000000843396,7.4523735394,4.46132676513988,,65.3469139755232
2012,ECU,,,0.644911278534899,87924544000.0,5.641962066712,5702.16828789377,3.98251343516071,0.834861393950973,4.98525306124122,2.94545286467451,,61.7511124083851
2012,EGY,,29.0029578655077,1.01236343414222,276353323880.224,2.19387835367519,3226.13137881998,-0.0409396046487984,10.6778442555455,18.2288988841076,1.66618374984909,0.541029989719391,41.1565857780997
2012,ESP,83.4509462112741,25.4795411133869,1.85941408084017,1339946773437.24,-2.62030851235816,28647.8352426892,-2.68351269421417,-6.19287186957837,0.0486511937956635,1.40756583741821,1.28410995006561,59.7556555358663
2012,EST,0.627895262933332,1.9710637220981,7.75929301268622,23043861554.8714,4.30727919068319,17421.887988526,4.68131027961174,9.68671552588425,3.15974242116364,1.89574622425897,2.11425995826721,170.428366162268
2012,ETH,,,0.643172898229037,43310721414.0829,8.64781163539097,469.792303889824,5.89893082985817,22.2064107242975,33.5414050155176,0.868362090380475,,45.3979041861834
2012,FIN,52.4653015871427,40.1075112741688,1.92158900806601,256706466091.089,-1.42618935959564,47415.5598711351,-1.89409884039037,1.63159171135243,2.95356439473966,1.40345257341348,3.41948008537292,80.4057199201173
2012,FRA,88.9239643514465,48.5776118880901,1.22884522558597,2681416108537.39,0.18269303354748,40838.024436834,-0.301002029280724,0.661866476951829,1.15764891531541,2.23893577596555,2.22906994819641,59.2003848717422
2012,GBR,101.288801965799,42.8742170354928,1.76684592547057,2646002634059.62,1.31301859842485,41538.3072616553,0.611016523473722,2.85481801109148,1.53913891153819,2.21071804680952,1.62178003787994,61.8261968043824
2012,GEO,32.5306981139254,25.3809303514444,5.24567707111166,15846474595.773,6.3504819444745,4142.8691753655,7.74068432283363,15.5572873935659,1.07121279782194,3.1046060682171,,95.9488473459616
2012,GHA,,,7.85536788201703,41939728978.7281,9.29251186911659,1641.82592182439,6.65668841911413,12.7860665319125,15.2055712917126,0.80416525577152,,93.1680351286831
2012,GIN,,,10.6824679031211,5667229758.9878,3.94411198887263,487.345714209237,1.15157141332274,3.65800365029176,12.891510809718,2.98052820920924,,91.6883896175775
2012,GNB,,,0.665431601138284,995581992.41106,-1.79798850906946,580.642936867096,-4.1525527241163,-18.3792425335654,-0.780096994249206,2.46004290436765,,39.8763616426401
2012,GRC,165.477789379429,55.1254423393508,0.677055667877697,245670666639.047,-7.30049393532073,22242.681934771,-6.79786084430782,-9.0994167931551,-0.37039202748511,2.40769137543344,0.699570000171661,61.8177666440886
2012,GTM,24.3112735920671,12.9637204910218,2.50779539195446,50388418158.5954,2.96985742688504,3278.62634573132,0.829365336347124,2.79189191436981,3.32250786709392,0.44527422740847,0.044709999114275,60.9824745462521
2012,HND,,23.4992682867094,5.80173336320336,18400538970.1119,4.12868774866939,2378.51956877565,2.58459152376523,6.27877116892397,3.57978742613756,1.14601887097912,,121.188215808285
2012,HRV,,36.5950321887081,2.59377217346323,56485301967.4205,-2.18742917222276,13235.9775701749,-1.88800185915659,-2.98504238587424,1.5812791658729,1.69126922827579,0.751129984855652,82.6755787560354
2012,HUN,94.1728757309969,44.4693707210735,8.34024046859964,127321135030.078,-1.60251240357637,12834.3234884048,-1.09303634308682,-3.48375976566064,3.4125095953663,1.03853670753613,1.2703800201416,166.824580769964
2012,IDN,25.0344008432508,15.6134649232689,2.3097803266511,917869910105.749,6.03005065305612,3700.52352495467,4.6494769163569,7.99841121699345,3.75387875323653,0.711549473406383,,49.5828982992627
2012,IND,50.6406957660857,16.1548022945997,1.31196709104953,1828985283085.0,5.61856277332065,1447.45194692515,4.26917944927207,5.99618206413868,7.85168315068638,2.53547653435491,,55.7526181739149
2012,IRL,129.82036518055,39.0103415146198,18.1391330101658,225819184920.64,-1.10288038006507,49231.3616199885,-1.32070903405931,5.38826126302583,2.68294977996271,0.512592551809914,1.56360995769501,196.398792150785
2012,IRN,,,0.793879430520534,587209369682.67,-6.60868725474589,7710.51331388451,-7.80145181131617,-23.0999095166162,21.8013484867587,2.8088617446573,0.32506000995636,43.0928652215183
2012,IRQ,,,1.55962597184201,218000986222.639,13.9364301737537,6614.58482115726,10.1687064728481,,2.66976938276827,2.7773375441458,,73.6086845912812
2012,ISL,112.512080854614,34.3575824041056,1.68194608334806,14194519025.2641,1.18293161147011,44258.8427932005,0.645966353725797,4.60522934941277,3.18879675604546,0.12289565134132,,107.909253220238
2012,ISR,,38.3309202985374,3.28657855272734,257641795689.722,2.38180026245432,32569.5968257028,0.509017695236409,2.10616051951959,3.75360849160637,5.72189013724836,4.12858009338379,72.05611606527211
2012,ITA,127.035920607563,42.4590389615545,0.00167945481475096,2072823111961.1,-2.81901912719412,34814.1243593936,-3.08060924262115,-8.05478259658634,1.38015358028495,1.6273830134052,1.26976001262665,56.184884487105
2012,JAM,,33.1176368946716,2.79233506426825,14802430172.5391,-0.621954187417273,5466.57908251853,-0.914347801798243,-5.07179045793313,6.5808395011565,0.929816956160669,,82.0648703043017
2012,JOR,66.8235275907244,29.5254363154426,4.89130822990784,30937277605.6338,2.65120334919015,4423.11735483368,-0.784176165224693,4.43665983371749,4.50061041731146,4.76065450936848,,120.511436790707
2012,JPN,187.721483796983,18.3665779586599,0.00881740932468698,6203213121334.12,1.4950285427672,48629.1996899952,1.69854772841182,5.40960464984725,-0.761495290047293,0.96742708258411,3.34313988685608,30.6361236890786
2012,KAZ,10.4981138465889,15.7960435478034,6.56164821145973,207998568865.789,4.79999999999971,12387.1898225308,3.33439121456311,24.7999990503373,4.78556980595147,1.04690648548282,0.168889999389648,73.7237324891671
2012,KEN,,19.5580920250809,0.324161235141176,50410164013.5527,4.55494279644424,1184.92325604363,1.79496416779644,5.36609871245825,9.38280668213014,1.66647462152831,,55.2220984424161
2012,KGZ,,22.918517428181,4.91133122493126,6605139933.41063,-0.0881501927580644,1177.97473487848,-1.73814257614919,12.3631715068993,8.65631680110582,3.20738180952636,0.16609999537468,139.675937840309
2012,KHM,,10.5854379828577,10.2645581689977,14038383450.186,7.2613227425049,946.476678710416,5.53183596508593,16.8637726115692,1.37374724192014,1.54793982168379,,120.735399706866
2012,KOR,33.8831727983299,25.7539148601851,0.776565597037322,1222807195712.49,2.29238242636897,24453.9719124644,1.83210554139559,2.40352000220052,1.04351011992077,2.61298250703507,4.0255298614502,109.88622073465
2012,KWT,,,1.65024906618369,174070025008.932,6.62638808077409,50903.9046037897,1.00131284209087,13.9641473877594,7.48670294873726,3.41374157981372,0.0972099974751472,101.011448579908
2012,LAO,,11.9300597869618,3.14629230571768,9356251339.55418,8.02628327936989,1445.41620094919,6.25493627393109,,4.5481825259554,0.217257566790893,,90.4795660483897
2012,LBN,,27.3026881142115,7.31070357573572,43205095854.063,2.2,8773.93195644805,-4.7020625446641,0.801630919959592,5.47945205479452,4.06714508002419,,133.548375775249
2012,LBR,0.444566592616702,0.337713312037308,37.2572745606454,1735500000.0,7.99445127045679,414.185155441744,5.14440528983356,3.84459310053241,3.9877707307235,0.874618265629502,,155.632382598675
2012,LBY,,,,,,,,123.273242854251,,,,
2012,LKA,68.7104049236057,15.5115476024974,1.37520984159347,68434399083.41,9.14457938763533,3350.68542319869,8.32161301348258,0.48545425118283,10.8284282865068,2.13570926503889,,51.4920877983781
2012,LSO,,41.5924056474894,2.12467759997428,2666218870.25386,5.46648943331536,1295.96009113451,4.21662809409786,,2.24229860202927,1.99683348853723,,
2012,MAR,,,2.89209442103956,98266306615.3632,3.00996126221978,2931.40019953372,1.58223548716849,3.34961880979697,0.369335229674476,3.46275007931538,,85.1249172938184
2012,MDA,24.3259057045236,33.3011994536458,3.87909619776897,7284686576.2835,-0.700000153116989,2046.53678665109,-0.686972241219763,2.20000022558567,7.89447533053122,0.327674671710159,0.417329996824265,127.424757150961
2012,MDG,,9.91104959945864,8.17057568620476,9919780071.30832,3.02750808760821,444.95849375108,0.186045450139446,3.56053379776746,5.49007827330917,0.691911720835185,,72.976722932625
2012,MDV,,,9.05276451205509,2518312129.02218,2.49648999649,6541.07046499268,0.366692801757736,,5.5417087989232,,,184.302056335647
2012,MEX,,,1.73167503737623,1186598324461.82,4.01817386885878,9720.56167412905,2.56473266824567,5.46624607215269,3.25245432694732,0.588133033315978,0.431950002908707,66.4083190298275
2012,MKD,,29.3726417014675,3.46744525947267,9745251126.0109,-0.456184412092668,4709.51162777738,-0.618878108090911,8.23907750264161,1.00299947263073,1.22531888588674,0.326759994029999,112.215048971187
2012,MLI,,11.9890875202287,3.19756729335009,12442747897.2223,-0.836178865643376,772.249921673187,-3.74861278254156,-5.28652652329572,4.60482136424292,1.19640574526633,,59.1205945506867
2012,MLT,83.5577488625014,41.2731661302852,35.8966879974395,9262238211.48657,2.85127533557545,22081.6016294634,2.06981602648513,5.30323177999077,1.9499248550314,0.538980135390079,0.893199980258942,324.50199755854
2012,MMR,,,2.23310075017862,59731122170.0865,7.33267044715451,1136.78636797958,6.47793260461265,11832.3265603925,3.13009695252966,3.71103679608328,,22.3846155797021
2012,MNE,,,15.127226571318,4087777049.68585,-2.72376699195686,6586.8038396423,-2.80558799068261,0.640080092170891,0.176991707745117,1.65646385514145,,111.766079643537
2012,MOZ,,24.3168352643051,38.7710520301031,14534278446.3087,7.19818582579212,564.812463094317,4.21544513500996,62.3982342557088,5.85460873453056,0.911222375466957,,110.829799501776
2012,MYS,51.646484791264,20.9798496989965,2.82905937873585,314442825692.826,5.47438546268495,10834.6590783671,3.842694581883,2.91204680173121,0.998936551330416,1.43340907757109,1.09268999099731,147.841804023883
2012,NER,,,12.2586312704123,6942209594.55433,11.8136632751199,393.64342304494,7.44341064586021,-4.30150570667594,4.80960501198207,1.00539302039697,,61.2205290368542
2012,NGA,10.41933684786,5.13845593978922,1.53376187501464,460953836444.364,4.2792773138933,2739.85218903906,1.50883321726725,-32.891652360676,9.27124466928721,0.502541128653135,,44.3801366480793
2012,NIC,,15.3647899323403,7.35426392598467,10438842115.6263,5.5905621928829,1776.2092435787,4.34642617798653,4.75514208325282,6.41026332212942,0.671846254820296,,110.759276917643
2012,NLD,68.482122375086,42.3186972614715,28.9228358615358,828946812396.788,-1.05703740393571,49474.705606422,-1.42250418739636,2.70385112536633,1.41967167414714,1.25034874853526,1.93945002555847,154.270852062421
2012,NPL,,15.9327564713647,0.478983555949929,19206631648.9713,4.78119225754814,698.409889741021,3.55707365881932,3.38970849777265,6.63496413638205,1.43183199069758,,43.6582066646414
2012,NZL,66.9869955577167,44.9603944643354,2.26714957304457,176617424296.729,2.32968426303981,40066.5648004195,1.77022658496099,1.32992234363233,-0.0970720131598313,1.18614561735078,,56.8891172315088
2012,PAK,,18.7990921108423,0.382826516848328,224383620829.57,3.50703342009689,1264.90090914213,1.33492222418184,-3.09557187071438,5.9685743809281,3.48439877285312,,32.8055022073679
2012,PER,19.2166594587652,17.9177884982323,6.18772888335996,192605185353.65,6.13972470560435,6386.37444850699,4.7359307916289,9.99768651409086,1.20258494022738,1.23460288783798,,52.6198952632294
2012,PHL,51.4824181483557,14.1861317521328,1.28569244626062,250092093547.532,6.68381023689122,2604.65599683702,4.99930011091378,5.58962522312594,1.96839268141385,1.15904713993036,,64.8994436085142
2012,PRY,,21.2441099488911,3.03065791751453,24595319573.7548,-1.23896850575009,3855.57218546178,-2.56110036704746,-3.50000387655905,4.74734472121325,1.37826780405001,0.0881600007414818,98.628400255586
2012,QAT,,,0.211888706229027,186833516483.516,4.68725917732711,92692.6433122033,-1.03562119469275,21.539692800197,6.37338992935082,,0.469909995794296,105.746286433535
2012,RUS,8.70173755201603,24.6212046652753,2.34846728303839,2154067053237.85,3.51794186549459,15042.1916377421,3.34386604989641,9.68045425783461,8.29894029533529,3.75409794282775,1.12562000751495,47.9802853375928
2012,RWA,,,2.21360795823589,7219657132.21544,8.78835153406136,667.414582334439,6.16431094458068,18.7884108867428,5.99904397705544,1.10523111612176,,44.1488162344983
2012,SAU,,,1.659823989385,733955733333.333,5.3844659496954,24883.1897146534,2.85629678295254,7.65641350902987,4.0251528094381,7.69772127946681,,83.7415444491839
2012,SDN,,,3.39293845903629,68125631150.2939,0.521559266641702,1806.45079658887,12.4118062810113,-62.182823377096,34.8762038438987,,,24.7210007848718
2012,SEN,,16.8164283111072,1.94570174215138,14194124595.9323,4.41118028348777,1030.04451024131,1.20533513090659,10.9680048321132,2.48220960370726,1.38551306323935,,76.929891176166
2012,SRB,,39.2178438706516,3.13212598344721,40742313861.1374,-1.01527038761317,5659.38020403691,-0.533730434576825,1.35297436403906,6.26358236934239,2.09517465340868,0.906910002231598,90.5249537432777
2012,SSD,,,1.55273309794691,10368813559.322,-46.0821223743007,944.282811578363,-48.3924116302718,-35.2511244377811,6.46858279303815,9.53075280066258,,55.3811952399634
2012,SWE,42.0213308727746,32.5891500217108,0.785748042339371,543880647757.404,-0.286320615444041,57134.0770682404,-1.02124409458247,0.48215543890575,1.06120113378334,1.14798632218845,3.28133988380432,87.7150184541902
2012,TCD,,,4.6878210480429,12368071038.7362,8.88257607170316,972.679413512305,5.31220591687007,11.1373083507214,1.09724571223184,,,80.5756196842099
2012,THA,28.4638710777676,18.6341596662439,3.24675021166759,397290682074.825,7.23095918929172,5915.22114668686,6.8139847704556,5.63446325644384,1.90967839307432,1.38234181384022,,137.765261810931
2012,TJK,,,3.13567389862871,7633049792.09321,7.49999916892124,962.440817726802,5.10079349542498,6.2450684896652,11.8685158950827,0.999084702362353,0.114200003445148,90.624969651385
2012,TKM,,,8.90001781117165,35164210526.3158,11.0999999615545,6797.72116602834,9.67673109043218,,8.27008408241873,,,117.651288990002
2012,TTO,,30.13664384225,9.54668552849532,25694164489.2373,1.29397894976067,19152.1814885574,0.781385339477609,-2.39215619333191,0.052152919661836,0.656812337775539,0.045889999717474,92.3034888549374
2012,TUN,44.6596877243105,35.4634031938256,3.45054396270705,45044176963.9542,3.99766619874057,4179.46434367471,2.99701131729226,13.1256333489889,4.8965235902122,1.51234107271035,0.680739998817444,108.00474738645
2012,TUR,43.525738119276,33.5924977119311,1.68394272402116,788862935211.869,2.12746070917433,10539.3654471072,0.309770007405547,-0.394626433700083,6.90224491861424,2.27647050861038,0.92195999622345,57.7548354514091
2012,TZA,,17.6177117687939,4.60411821720792,39087748240.4403,5.14101362067316,827.52888076909,1.85528328011959,-0.786546234313292,10.7419367862317,0.926954971441311,,54.3970795702365
2012,UGA,32.8313091696612,11.9399266767816,5.12796108052842,23506194155.2319,3.83428674243318,664.005154577291,0.489713884158704,9.83298315695218,21.7142959587308,1.46600954382487,,52.4897364286826
2012,UKR,33.7031001609632,41.0699602539815,4.65066325233916,175781379051.433,0.23868130555249,3855.4212801318,0.486676586685419,3.79839953221448,7.79492326205909,2.35343700188443,0.751670002937317,91.787745013238
2012,USA,94.3979095346994,24.1244969516111,1.50422261982247,16155255000000.0,2.22403085385714,51433.0470904727,1.44823927719024,2.2297735568479,1.84205148309647,4.23874460663109,2.69796991348267,30.7146275314132
2012,UZB,,,1.08649730938544,51821573338.1312,8.20000000094711,1740.4682979775,6.61885438975594,18.8254394014259,14.9096556289216,,,59.8191403821941
2012,VEN,,,1.3076789836805,381286237847.667,5.62595697508641,12771.5950361107,4.11659764636158,24.3955524603795,14.0594300642861,1.30233184721529,,50.4035673803654
2012,YEM,,,-0.0402221735469914,35401339869.3055,2.3929902093532,1422.72377912034,-0.272928610894539,,5.89315892251294,4.57388427654218,,61.3616365261434
2012,ZAF,,33.0805984992717,1.16718037028321,396342265529.842,2.21325897786599,7570.08521138697,0.638911756565363,4.21969046337838,5.28669616542916,1.13275168486495,0.731679975986481,60.8974882989087
2012,ZWE,,,2.82302938367301,12392715500.0,10.5652042690887,850.827696604891,8.21285841805899,-3.59035371505546,2.30267769686211,2.56821840217344,,96.1074495739049
2013,AFG,,42.3038148417133,0.197860044627474,20046334303.9661,1.95912289275337,653.347488111011,-1.21669484932227,,4.7175311842531,1.06143348132958,,56.0656699448102
2013,ALB,70.3583452575361,23.3681005031773,9.80972068999127,12781029643.5936,1.10999999256572,4412.34557813421,1.23548639893185,4.24275219972228,0.218876859272683,1.40845822632974,,88.9296107253049
2013,ARE,1.90087554977549,4.02663565832918,2.44236410109629,388598502382.573,4.72889729346413,42986.6646116366,3.7159439584282,6.47371770012461,-0.637372457106579,6.06308614223812,,176.418162911806
2013,ARG,,,1.77236663591377,554155198994.424,2.30248415836283,13027.2048221392,1.23689901700676,3.88288095608959,23.8821886058995,0.834513591756015,0.61175000667572,29.2210790525197
2013,ARM,,,3.11193148125796,11121465767.4067,3.30000000179984,3716.82892254464,2.82175031059522,-2.09999999452465,3.36682464044367,3.99724455730484,0.222159996628761,76.5561957927212
2013,AUS,38.3391837878014,26.036829327013,3.45262099299518,1563950959269.52,2.44004906206246,67652.6832146189,0.7158325979197,0.639115501466577,-0.199371324320381,1.6869120162059,2.19574999809265,40.8891991054741
2013,AUT,83.4986801450478,46.4481452380227,0.10538799882284,428248420485.175,0.124223545493621,50504.7153221994,-0.458901349391994,0.65146864886691,1.58367355736084,0.754016805955666,2.964359998703,103.802945148719
2013,AZE,,21.0973483837652,3.56092951521621,73560484384.9586,5.79667839631929,7811.6214184582,4.4370662913712,9.99999963923166,1.02106670021381,4.57820552365175,0.211410000920296,75.5937631047234
2013,BDI,,,4.30012504056264,2714505634.52629,4.59405421822632,259.365208150184,1.18232191663814,7.99999999999996,13.1633800401025,2.24200930035414,,41.6411735610248
2013,BEL,,45.6967480436515,-5.45580798718515,520091780650.207,-0.0671900942929966,46508.1187191213,-0.554851957074476,0.297145008311261,1.15488190907452,1.00558599317509,2.42964005470276,162.478724797485
2013,BFA,,13.8898909513001,4.1092499132229,11930742614.3262,5.70875399548719,698.335034928403,2.65378715781112,14.3698534906773,-2.15459218590908,1.33673146971773,,67.3388993165567
2013,BGD,,9.37841578494339,1.73541854006515,149990451022.29,6.01359606747023,954.396399715624,4.73190915795476,1.21815154685862,7.17496312253461,0.00133415137644319,,46.2964027239758
2013,BGR,,,3.56722522233808,55758744571.1183,0.86209273761466,7674.86055914027,1.42814710938863,4.31679687409155,-0.702844423228044,1.61331768924712,0.636420011520386,129.714842447284
2013,BHR,43.9378397574793,23.3551426542093,3.03886527234134,32539441489.3617,5.41683981012071,24113.5248437757,4.17864247822321,0.844880892514581,0.384057963033939,4.14145517346788,,121.221954044314
2013,BHS,,,4.48547420953832,8521997500.0,0.010307047704373,22554.4541222366,-1.43304135633629,-3.28132512951359,1.45359892321648,,,100.005700541452
2013,BIH,,37.4153949478903,1.72573536962237,18154290272.2151,2.3941919792446,4748.04069226421,2.52503903143706,-0.150388866585757,-0.287403213656745,1.08850568287092,0.327389985322952,87.8464545133817
2013,BLR,24.6296972149743,29.1939418037632,3.07274027685108,73097619636.8208,1.07360080128041,7722.12335060436,1.05224571976734,-4.2000503068829,21.0915820282683,1.32850775684332,0.6735799908638,123.798899016762
2013,BLZ,76.5271550555984,23.9074166079435,5.673891986317,1625828111.72853,1.3135593220339,4723.5943547037,-0.889952385306884,9.6513519105941,1.96213876881757,1.09352734595652,,132.184999152493
2013,BOL,,,5.70662297291064,30659334298.1187,6.7985681383023,2948.03247234224,5.14349769328857,8.1829318089016,5.99276570637906,1.840907031191,,81.2311192508119
2013,BRA,57.3916406311277,28.5184970889356,2.80566779960009,2465773850934.56,3.01514051081094,12071.7779871352,2.07819059083245,7.23943957555939,7.38540730553572,1.33323803173355,1.23601996898651,25.6347885950318
2013,BTN,96.1392467526552,20.1421780934233,2.76836147222259,1798333725.83954,2.14249655359879,2383.04472990264,0.663628015023818,-1.7835351544166,5.86439467643724,,,102.735475201749
2013,CAF,,,0.122009419727897,1518565219.01061,-36.6999524381893,322.366593303683,-37.9251628509135,,6.28783271759912,,,39.4564261277737
2013,CAN,51.8718756490485,17.220759193169,3.77849102590944,1837443486716.34,2.21806818754125,52266.1756761394,1.0433316103891,1.48878670540209,1.553953824465,1.0076931898596,1.68827998638153,62.1450877368218
2013,CHE,,17.1748773723059,-3.63564825055573,684835034384.327,1.78057951954574,84658.8876757562,0.616928354560926,13.4566601921597,0.00965372363626216,0.734904884710808,,132.498413964196
2013,CHL,,20.4523695683487,6.98807241373287,277078709134.903,3.97659619929694,15764.755453406,2.86798312693992,2.09055789633193,2.28917248708387,2.04611359001906,0.391099989414215,65.3700572185398
2013,CHN,,,3.02822567618151,9607224248684.59,7.75763514617032,7077.7705938533,7.22693645387183,,2.22523699421559,1.85118026567166,2.0146598815918,46.5652359024293
2013,CIV,,13.5782903255191,1.30333239391,31264187110.3554,8.88942130172924,1445.91058247017,6.27149631833082,5.79999999868728,2.75170596590829,1.37538725031253,,80.1268296365365
2013,CMR,,,1.8508466490034,29567504655.4935,5.56168812850224,1331.20002144388,2.93976089679562,18.2684687036242,2.39151907261743,1.32862297732745,,49.5667713843477
2013,COG,,,20.6869564544798,14085852120.4761,3.4407052491938,3205.4577827894,0.894995589919077,8.59999999709228,-3.65823826380608,2.60585813449002,,142.604432794568
2013,COL,58.6254413063351,28.1576136141321,4.26328879749185,380191881860.372,4.87406557934081,8030.69086053799,3.85208182697295,5.97765363128491,1.99270715785205,3.28882458335503,0.255380004644394,37.6979776128541
2013,CYP,145.854665474495,41.0802397589164,-25.0474956588696,24054965480.616,-5.95274791028267,27907.9673626742,-5.73387071863458,-4.77692177446663,-1.03767047955097,1.60010376306697,0.462660014629364,115.615237716771
2013,CZE,40.6129335150098,33.0270308784889,3.51360685053457,209402444996.104,-0.483671040702603,19916.0193873722,-0.51667507931613,0.0649748318616048,1.43189790697579,0.994729788820652,1.90952003002167,147.978174425006
2013,DEU,52.2333559782609,28.611476732337,1.67119985933928,3752513503278.41,0.489584482494635,45688.3930735697,-1.59884772238597,3.13230510569136,1.96539051660558,1.22399371603261,2.82646989822388,84.9572930819746
2013,DJI,,,19.6566644451453,1455000000.0,4.99990725454917,1682.94866486073,3.60505634319081,,2.37010840961132,,,
2013,DNK,46.1496595780449,41.9406678154157,-0.254396607344739,338927058604.182,-0.243779282941276,60361.7387715794,-0.658798612819282,1.1273248298962,1.35697376557906,1.24411616373876,3.08493995666504,101.748497520383
2013,DOM,,15.6268682810005,2.58190216576794,61965942056.6828,4.74206419171963,6026.98988861086,3.45464673527435,-3.643141600905,3.7373319979734,0.618695111122342,,56.7795871686434
2013,DZA,,,0.80679934793493,209703529364.331,2.80000000000014,5491.6144135648,0.789804875513184,9.99999994794585,-0.112277918041087,4.96196381102969,,63.626437601491
2013,ECU,,,0.764024820338542,95129659000.0,4.94651126690626,6074.18197147212,3.32608122834679,6.96596712727653,3.0950490128629,2.94726695067834,,59.6061560569664
2013,EGY,,32.4916476841306,1.46574663846404,286011230726.274,2.10672461668477,3264.45006267526,-0.169342621948047,0.515717092337908,9.00384274312739,1.624552554507,0.677980005741119,40.7365223993926
2013,ESP,96.4723345683963,22.3336811238936,3.81867773787593,1369261671179.0,-1.67197184815122,29370.6638674201,-1.34925290638455,-0.315778939916754,0.56917537979453,1.25928852911744,1.26172995567322,60.704256491013
2013,EST,0.63413858376314,1.98984114212568,4.30466076751638,25081191938.2942,1.41517973097416,19029.7792318907,1.77675106198313,3.21945004988208,3.85640005144991,1.91105090330241,1.71467995643616,167.001762295972
2013,ETH,,,2.00007508641937,47648211133.2183,10.5822700402272,503.902606586893,7.81396674754116,4.2131999940728,4.90197930670544,0.806417116516245,0.604740023612976,41.471787081916
2013,FIN,53.5310665001131,41.1713501657339,-1.83002632153598,269980111642.898,-0.758036294820087,49638.0771298139,-1.21421594321562,0.458685190831602,2.55171566390663,1.40259076021206,3.29682993888855,78.5136078844092
2013,FRA,88.5793492607987,48.5652114921314,1.12476886708961,2808511203185.39,0.576241546834495,42571.1979897409,0.100121100507494,2.11791383979487,0.776636467932931,2.22242603259369,2.24326992034912,59.0988041163812
2013,GBR,97.8373878956956,40.6619938455808,2.0030515043697,2719509472492.7,1.91107841065484,42407.3710146402,1.23102840989606,3.41664159495321,1.90430818273626,2.09088431979756,1.66431999206543,61.7696513434696
2013,GEO,33.920660852604,24.3808009044675,5.92515924017063,16140047072.2616,3.38704372572238,4274.37687295064,4.72866585034113,2.8798746324893,-0.762289233518842,2.52812477460625,0.0836699977517128,102.330614380129
2013,GHA,,,6.75033010953727,47805069494.9082,7.31252502101229,1827.10136779993,4.77016167266213,2.27306830015297,15.5810772645484,0.533396427241305,,81.6523326182904
2013,GIN,,,2.17162967680961,6231725484.55943,2.29999923829239,521.538905868244,-0.439356024878336,6.32625731574248,6.28906283064204,3.08957442854488,,83.0640618971845
2013,GNB,,,1.91296292478833,1026664110.62589,0.820272415785567,584.28200324954,-1.61930623004326,-26.5459324950242,-1.02014887306316,2.11469270017719,,45.9480691247287
2013,GRC,181.662458659441,59.8419269192799,1.22796349475645,239862011450.103,-3.24142502506591,21874.8195041667,-2.53725852220521,-2.39233305552077,-2.35229999390511,2.35768125019469,0.812510013580322,63.5191424472248
2013,GTM,24.8098746884355,12.8262646137565,2.5127481583905,53851075503.9906,3.69758557790951,3432.01745788059,1.56932167983905,4.25878263917257,3.36642511998215,0.463793627713795,,58.5483413554091
2013,HND,,23.8938403917359,5.81874135207936,18372173610.6685,2.79155975746801,2340.68486562128,1.31265059647288,-4.09647807874526,1.37403051856498,1.5464235615184,,116.306049247436
2013,HRV,,38.3558833643155,1.62246045562385,57770884728.6496,-1.06392109616958,13574.9780420161,-0.787991083306892,3.11007107259643,0.804786937934068,1.65648504114238,0.815609991550446,85.5963043573262
2013,HUN,94.3421872266292,46.7561384176218,-2.80079456296593,134680475647.645,2.11714683385249,13613.6014689502,2.39873307417957,4.51215214701368,2.93858898877137,0.950435433266963,1.39731001853943,164.996644742954
2013,IDN,27.7819272178664,15.3750198771566,2.55135633401058,912524136718.018,5.55726368891013,3631.67269360346,4.20016991700187,1.86189666230503,4.96599029131677,0.918769839183066,0.0848900005221367,48.6373726752893
2013,IND,50.1366812547291,16.5807597769957,1.51099748815862,1863208343557.81,6.6388127357182,1456.20162816791,5.3128702386922,-8.16483970036589,6.22662403112932,2.46411827633748,,53.6253995759076
2013,IRL,132.416604333119,37.6792042216385,20.8801320756511,239271162515.74,1.09883976388471,52034.7682239848,0.848263468243545,1.10290710996881,1.42071491945113,0.49975230741872,1.53598999977112,193.384610124919
2013,IRN,,,0.596133806987973,511620875086.78,-1.91157505672037,6631.29827041489,-3.17717440847501,-18.6833376453399,34.3407395444092,2.344930845445,,47.2623279203024
2013,IRQ,,,2.18676140350877,234648370497.427,6.57216029806411,6879.69779013211,2.97966060548337,,0.984153518641136,3.36513157894737,,58.4353070175439
2013,ISL,,32.256879757279,3.07365460577009,15376604281.4504,3.89597047326372,47493.2490377262,2.91786630478757,0.187315169308633,1.84518483048008,,1.87304997444153,103.339170703146
2013,ISR,,37.871092688132,4.24393891423009,293314777888.557,4.37632827940084,36393.6693204984,2.44667099127741,-0.32997323379908,2.13939548253626,5.75272928620985,4.08816003799438,64.5161320780549
2013,ITA,134.846146416318,42.6525240091789,0.916716950148034,2130491269673.44,-1.72815733491716,35370.274411922,-2.86079701520548,-2.3621085173924,1.21193596513169,1.59080237617409,1.30581998825073,55.4665926959059
2013,JAM,,30.8254221583707,3.81567822845451,14276559215.7309,0.503639921348082,5259.0423420796,0.249517969677299,2.4836049105418,8.38814835528849,0.899594874005833,,83.317634431744
2013,JOR,,26.9122079670114,5.37490826672629,33593843661.9718,2.82921076906983,4656.21980691606,-0.311763864642828,4.33174296800969,5.59931472510881,4.30117372696012,,114.305819531236
2013,JPN,191.916698663449,18.3589784560301,0.206536579102136,5155717056270.83,2.00048957213372,40488.2432036925,2.17901078534808,3.27359185252674,-0.333393670065718,0.950865860745235,3.47409009933472,34.1475222566436
2013,KAZ,10.8406391538642,14.6089815385558,4.2306980098169,236634552078.102,6.0000000000001,13890.8560077898,4.48267198504288,7.79999935319442,9.49908144019432,1.07808475068954,0.174830004572868,65.4076093299538
2013,KEN,,,0.67484833008306,55100780396.387,5.69353035234217,1261.09286307733,2.91190312037388,-0.791553948155183,5.36613906580024,1.56179438825365,,51.28022928964
2013,KGZ,42.8083946063945,21.375769924018,8.72754317523645,7335027591.91628,10.9154693795795,1282.43716202467,8.73578919945068,4.0942029310967,3.17518820415772,3.19621902712902,0.149140000343323,134.026785643922
2013,KHM,,11.6912089972697,8.70599629477153,15449630418.5486,7.48000365272792,1024.60886982001,5.72431310953696,15.1097522664878,2.24773346578939,1.57589601356521,,128.180851345866
2013,KOR,36.6739436147754,25.2325832102436,0.977830215350653,1305604981271.91,2.89622005439183,25997.8810547699,2.45523451842848,1.71022495606994,0.853326214628638,2.63127224026885,4.14851999282837,102.770752908785
2013,KWT,,,0.823161539581767,174161495063.47,1.14903884697843,48463.1516704617,-3.75145667602584,-0.0847563255640011,0.223535798420983,3.27151857985674,0.301530003547668,97.606504670778
2013,LAO,,17.9445325085407,3.81313121437459,11189431000.0811,8.47596913435973,1700.5253051612,6.71306576005375,,8.21608404820557,0.202670898389169,,89.7472975318449
2013,LBN,,28.2131942752508,6.08924113497197,44352417910.4478,0.899999999999991,8388.97329301696,-6.02260808134685,-1.1616267882457,1.73986605438516,4.36440296283451,,128.030855650364
2013,LBR,,,35.9757410737221,1946500000.0,8.70387501576046,453.339457045359,6.08261734112827,-0.99658134457755,3.17744381913583,0.776342152581557,,148.933984073979
2013,LBY,,,,,,,,37.6398486986362,,,,
2013,LKA,70.8211058550634,14.6677613146201,1.25481544505628,74317806754.5267,3.39570959648638,3611.34198719698,2.61693827681802,-1.529813882711,6.23695324016877,2.26644252446668,0.100809998810291,49.2577921993302
2013,LSO,,40.6516617693811,2.01763664421125,2499410956.14577,2.01921430552414,1199.87410649317,0.759071475294434,,8.06212809802702,1.91809131825652,,
2013,MAR,,,3.14616379903882,106825649872.108,4.53545348951008,3141.72537279056,3.05897141540794,-0.0714904114664279,1.30726365073134,3.80578290120645,,80.0205585556891
2013,MDA,23.6876927668889,32.2626604317978,3.63741113123072,7985349731.46471,9.40000009922824,2243.979662444,9.42929791191305,4.39999999436915,4.1326047606475,0.334494080191026,0.354189991950989,123.939906476967
2013,MDG,,10.4011740750453,5.34391689728709,10601690871.7448,2.25520404326076,462.460010535635,-0.558650381626862,10.7166934558037,5.08607870373328,0.677983715732386,,72.5796713737464
2013,MDV,,,12.9086668288244,2795147949.78753,4.69979367321605,7112.33575009549,2.56850016332871,,6.0237396791601,,,190.836347381508
2013,MEX,,,3.71659163581859,1261981728468.52,1.36007714397567,10198.6472993047,-0.00718177224653971,2.58175826801551,1.75881177183854,0.62105602266582,0.501230001449585,64.4446325582726
2013,MKD,,,3.72036438607925,10817712138.9451,2.92526532054387,5219.53568101849,2.76272375040799,2.16804468514964,4.48328538184728,1.16943718855289,0.440990000963211,104.857229956305
2013,MLI,,13.6939771201089,2.40261775882632,12813248724.7996,2.30358480929436,772.250109482823,-0.654545019771021,5.93871757298207,-2.59182309289173,1.2005830916133,,59.9275631351104
2013,MLT,83.5940062310169,41.1025510669639,5.54350019321854,10184944237.9182,4.47232109268745,24056.6124464852,3.50526353515619,-0.927909304348645,1.86025207624461,0.52809823628329,0.884570002555847,303.352756377667
2013,MMR,,,3.74937125945736,60132854536.7832,8.42600102485187,1134.92844272888,7.52561046721733,99.5078349613231,4.37807084326613,3.80915025550223,,38.5807589671767
2013,MNE,,,10.0009057936367,4464498911.25392,3.54901309958009,7186.81359233543,3.44799894175773,-3.11741101865287,2.06700062864513,1.58216460340903,0.374309986829758,102.770899591433
2013,MOZ,,,41.8096358631094,16018848990.669,7.14168329950449,605.234444722447,4.16936077606121,28.8480545562072,3.91751428062459,0.985664540911346,,114.375942275637
2013,MYS,52.9993039554767,20.6021717767199,3.49430495606667,323276841537.339,4.69291918602868,10971.4155835989,3.11736838217325,1.72373540246346,0.175247945187351,1.52059712569936,,142.72113157794
2013,NER,,,9.37843670458442,7667951987.6933,5.26837873403858,417.670309304738,1.12228512446224,5.68146291622639,1.53763455699124,,,61.7162428809946
2013,NGA,10.5003131923354,5.03246732686512,1.0802403465894,514966287206.505,5.39441631089463,2979.84415000393,2.60361325355657,12.2158066362658,5.87329563136669,0.469695304619353,,31.0488599571614
2013,NIC,,15.2408983434622,7.49903323335506,10874735110.8237,4.53323594906574,1829.02498918094,3.32693567741531,1.49934765395483,4.63562392234897,0.685368518660195,,105.995163953668
2013,NLD,68.2837787323745,42.4586517308364,37.9244572985892,866680000367.264,-0.190339199696552,51574.489418462,-0.484165490272233,0.972192751307773,1.36845897639715,1.17993467616906,1.95793998241425,153.324406968692
2013,NPL,,14.5942415712936,0.382833576876391,19393541020.2195,4.12887767631092,696.732683964092,2.87766183388283,14.1996469542638,6.57724025569924,1.54186020031728,,48.1460002324469
2013,NZL,59.3213778867243,32.4375349417279,-0.0364568716292761,190690896703.83,2.74398512438474,42928.0963291754,1.95757880885176,8.11917409933875,3.81833513654828,1.11914591665592,1.17160999774933,56.0448114221821
2013,PAK,,17.8269953642817,0.576510795073031,231218567178.979,4.39645663349772,1276.09244791855,2.20681110334083,1.81009935899954,6.96594307851122,3.47097253809412,0.292939990758896,33.3335986818131
2013,PER,18.3905633306831,18.9543760306112,4.62229062674101,201150658576.291,5.85251821084928,6580.97905267293,4.44408278143682,2.8666017526777,1.0784290852786,1.47080030165358,,49.7767027792595
2013,PHL,49.236877231987,13.7934077096316,1.37486206345564,271836123723.678,7.06403293901505,2786.01470086133,5.35846207380935,4.42400852375071,2.04545905110535,1.24230283116605,0.137879997491837,60.2452893289055
2013,PRY,,19.2823548778926,0.255472757237207,28965906502.2306,14.0362776736017,4479.95505217335,12.5105366756152,6.83325640660024,0.841190350089377,1.36146179503989,,94.38769642635
2013,QAT,,,-0.422882374002757,198727747252.747,4.41027461916184,94574.2550534469,0.15374159514235,8.69554205943584,1.87332554986665,,,102.383154379024
2013,RUS,9.31864945475752,25.2884078633368,3.10144542097935,2231826797008.17,1.27945391095746,15552.0509880404,1.06403547640875,3.62697840361332,4.77045756551738,3.96089773811349,1.13278996944427,47.6369450246816
2013,RWA,,,3.42518223702813,7522006198.23208,4.68451242829828,678.998166944053,2.22055421227678,8.9430894308943,4.76531121784478,1.09652549342105,,45.4152960526316
2013,SAU,,,1.19095361627137,744335733333.333,2.66991139463894,24646.0208730264,0.273216716269431,3.65517436632365,-1.22300404106997,9.00400142014768,,82.9658946016833
2013,SDN,,,2.3421385702987,72065940085.772,4.39471113218659,1871.10897910993,2.21907000348027,63.7625213993366,34.9034002457986,,,23.7285080364512
2013,SEN,,,2.10231094518927,14806481145.049,3.48521734662029,1041.16717932597,0.276588151310506,11.0245444348172,-2.45427492588955,1.59888033921809,,77.7187974839495
2013,SOM,,,8.33333333333333,5352000000.0,,521.223039343867,,,,2.52507746026488e-05,,76.6255605381166
2013,SRB,,,4.52486389783053,45519650911.4138,2.57173410729068,6353.82638279332,3.0720556044908,5.04653401847096,5.43982940800191,2.0206875269999,0.726840019226074,93.1096670692219
2013,SSD,,,-5.98145867218347,13257635694.9153,13.1297311406943,1157.48695804411,8.45604456048463,10.6657018813314,13.0212901158973,7.40692438263393,,54.3287810146213
2013,SWE,41.9805889213771,33.3291599346297,0.266743652291706,578742001487.571,1.24120491730943,60283.24522267,0.386963245774737,-0.118181594720582,1.05542694304684,1.12809089025756,3.30605006217957,83.0936767969731
2013,TCD,,,4.01703975118737,12949854262.8127,5.70000136285864,985.095322000684,2.23994695710756,-5.79999966285638,-4.14136740417744,5.60978819728073,,72.6489157572057
2013,THA,29.2503174453075,19.0966647886183,3.79528274417754,419888628523.075,2.70211728969294,6225.05228315387,2.26468401096398,1.57870470534695,1.72507936568451,1.40544338339625,,132.753134558483
2013,TJK,,,1.47511023054963,8506674782.75471,7.40000056988259,1048.66690599689,5.00405689715602,5.87798219193655,4.3469786069993,,0.117700003087521,87.5106110665597
2013,TKM,,,9.52150474877588,39197543859.6491,10.200000101399,7480.32167773692,8.78788652490779,,1.15244583252145,,,
2013,TTO,,,7.54388597937377,26436221401.2976,2.65391842361302,19607.9491791503,2.14675519553815,-0.0613166040290025,0.430716643792579,0.798816918939866,0.0520699992775917,88.303540318698
2013,TUN,,,2.28863881348087,46255554871.6686,2.99565704807499,4248.89127558615,1.96442326143647,5.19750720612768,3.71134872096228,1.64161945086851,0.661140024662018,104.795386380028
2013,TUR,38.0102144234847,34.6284519054421,1.50426967456788,823256641370.335,4.19250934713969,10800.5423536698,2.31372732182606,9.00613088213018,6.17067264740912,2.26110431297758,0.944769978523254,57.8147105225003
2013,TZA,,18.7196074016376,4.7080951645033,44333456244.744,7.2630600303699,909.330141239446,3.91964912429204,11.0061363828339,7.67420312474007,1.00009968050876,0.529240012168884,48.7206559139714
2013,UGA,,11.5109086384951,4.38537286829756,24992173594.2485,3.55908095565489,683.343153158018,0.238341952315665,-2.0515590791553,4.03152691752378,1.19872001075768,,50.0969626510337
2013,UKR,37.0287155729123,40.1985260695142,2.45976564259575,183310146378.081,-0.0267296493157545,4029.71550372131,0.201173610668206,-3.48600901940475,4.33701797361377,2.39291890925322,0.761749982833862,95.1496657789596
2013,USA,96.6088043405521,23.183447016829,1.65939381064046,16691517000000.0,1.67733152992453,52749.911239512,0.930314624591517,1.08679606515901,1.61500708831899,3.83250965145948,2.72528004646301,30.2262580447301
2013,UZB,,,1.09006943484898,57690453460.6205,8.00000000110404,1907.55123335561,6.32624854621442,5.85719377450398,14.2750905961263,,,57.4893066361083
2013,VEN,,,0.577642979494507,371336634589.947,1.34309403607476,12265.03113567,-0.068821769509313,-9.6873131409817,35.5026746348335,1.43090973756456,,54.2777612672313
2013,YEM,,,-0.330496410064222,40415233436.1767,4.82351906650533,1582.84925225743,2.15327828216422,,9.20895704915074,4.07952740425799,,52.5112783517629
2013,ZAF,,34.6577052131903,2.23957074875895,367593603380.597,2.33034225921693,6910.66533833817,0.722376130822639,5.01434983507379,6.58761642471886,1.12031095869916,,63.9830686363761
2013,ZWE,,,2.76533521070227,13490227100.0,4.48409514596702,905.500321786172,2.15141691532511,3.46056307652232,4.18437605369854,2.6441363614998,,88.7849849466211
2014,AFG,,,0.243169793342372,20050189881.6659,1.31253090764642,633.947864294639,-1.71461102327001,,0.243080560140356,1.33435667773489,,52.8735636084187
2014,ALB,73.3667623917981,24.4120797686307,8.69437695800456,13219857459.1009,1.79999999809164,4568.56882650826,1.90547093552725,4.60000000024034,1.42233738463318,1.34737024351043,,75.455705589104
2014,ARE,,3.90670758769089,2.69266378805381,401958066712.049,3.07988433054452,44238.5997740128,2.55619978856446,12.3445701360133,0.347302783087102,5.6610560557543,0.699999988079071,173.355344938426
2014,ARG,,,0.956217691845597,529726189460.922,-2.55847744625616,12324.9387857728,-3.55992086617138,-11.4799949262605,40.714601573484,0.872450095456478,0.613030016422272,28.2283004904424
2014,ARM,,23.9875580530759,3.48287609689403,11609512939.7543,3.60000000000002,3861.91557044458,3.11883263465545,-1.0000000026572,2.3091824304923,3.94337826474581,0.240789994597435,75.6116848388122
2014,AUS,42.5642473558891,26.495003717078,3.16075978891006,1454675479665.84,2.4998512224341,61995.8296976,0.98519256861276,-1.76842446822688,1.41362111752757,1.80511782947889,,42.3016727482017
2014,AUT,,47.5457239565931,0.391232182506131,438376178526.317,0.644844831726999,51322.6399728758,-0.0880538840875289,1.31057727664319,1.78624495912381,0.753954995133431,2.98608994483948,102.732330239067
2014,AZE,,22.1145922703119,5.89173296358969,75198010965.1919,2.0,7886.45914367274,0.734739796072986,4.13086228774635,0.1961117293896,4.55781667000125,0.209910005331039,69.5092051585512
2014,BDI,,,2.64242142821155,3093647226.8107,4.66091818447367,286.002335872952,1.26569805110317,5.00000000000003,8.30340229746645,2.00984219730289,,41.3070022873188
2014,BEL,,45.2172164390042,-3.63016689823732,531761915064.736,1.6531350757175,47346.792823245,1.21510535220281,5.87242227215879,0.657447475497278,0.976284495239958,2.46467995643616,165.487681924366
2014,BFA,,14.631061124378,2.91113326632326,12257141798.2204,4.03033688754959,696.856206759424,1.04564791376689,-1.74020999346503,-1.20443487438631,1.66579457062853,,66.0565466009737
2014,BGD,,,1.46871287737333,172885454931.453,6.06109305375394,1086.80008676935,4.78090004537268,1.16832386573525,5.66875495751124,0.00137177950253425,,44.5140801968096
2014,BGR,,,3.64439780490125,56732006512.0065,1.32884972234031,7853.33519086217,1.90643192819768,5.1606106053339,0.452057965887448,1.4730794021842,0.795130014419556,130.967908582605
2014,BHR,,,2.86845874310367,33387712765.9575,4.35048360348598,24514.9991306142,3.3925091874041,-6.15065669029934,-1.67089003506021,4.41858946070427,0.0997700020670891,116.88352034208
2014,BHS,,,2.91581649272911,8617738100.0,-0.524452896217284,22497.4497068298,-1.87822032078932,10.7511533299588,1.65659351974226,,,103.791651547173
2014,BIH,,40.0257880423807,2.82344081543693,18523988466.7571,1.08187567036184,4852.31864873611,1.24018869871276,8.06754736925967,1.00600372095477,1.02786884687533,0.261079996824265,90.8028384771823
2014,BLR,25.4225924145223,28.3861339628711,2.44665319722651,76103961203.4406,1.72308600279749,8025.30435552468,1.54072889407162,2.40000000006329,17.840387504123,1.32821866027361,,114.590306295622
2014,BLZ,75.9657763812499,24.098970998749,8.21352661380067,1717861729.53812,4.08349492414737,4884.36856220286,1.86010579412081,5.77833114442008,1.51534840541044,1.03385794645854,,138.073796103846
2014,BOL,,,0.22001198433562,32996237337.1925,5.45898615116793,3124.08543446758,3.84187781048047,15.0751113459651,2.05119769782208,1.89683777477588,,85.2642936088841
2014,BRA,59.3992277946917,29.9745249087013,4.00881769978927,2417046323841.9,0.103371359100009,11728.7993875108,-0.779984327046009,-1.04649957204774,6.86513891934824,1.35167944071978,,25.1074585348785
2014,BTN,90.6514490680559,18.1649103147078,0.426889340301005,1958819914.95916,5.74545516756977,2560.52213174131,4.31189353743929,-3.24126286278633,7.28055497833297,,,93.6226199498435
2014,CAF,,,0.204064252448352,1702898939.55483,1.04001804711078,354.451901072874,-0.92929146747889,,11.0686610783499,,,50.5926182667035
2014,CAN,50.704014053419,16.703183863707,3.66866450949094,1783775590895.93,2.47289263838321,50185.4814970346,1.35382449031522,1.75884223373973,1.75649117094147,1.00089050263983,1.61152994632721,64.2562275632107
2014,CHE,,,2.61495007939508,702705544908.583,1.99688615861997,85814.5885735953,0.759979217534877,-7.81745277583009,-0.566429310836213,0.656430920476783,,117.933809851844
2014,CHL,,21.0498048184464,8.63522225358004,258733363811.966,1.87639539712494,14566.1490549222,0.804937019906802,-5.66244455830514,5.55315499302462,1.98173171228725,0.379280000925064,65.9439000155231
2014,CHN,,,2.55760049652724,10482371325324.7,7.29766595938162,7683.50203795784,6.75577841625589,,0.828368559008723,1.90464935549125,2.04604005813599,45.6519243452375
2014,CIV,,13.158941224584,1.28229722481353,34217693110.4569,8.48634556824589,1544.32133718797,5.86873648197579,3.82134049344293,0.801861973033382,1.52578573067153,,77.6429995916437
2014,CMR,,,1.72831472302393,32050817632.9602,5.92696495921939,1407.40341322234,3.31357116740915,14.3871769186117,2.41119539844958,1.25278888176845,,52.886418086626
2014,COG,,,38.8099767504149,14177437627.2969,6.77994095325852,3147.07152408764,4.15775428269902,6.62999999645193,-5.66899324031776,4.97193978726921,,143.23939663192
2014,COL,,32.4947640018693,4.31390343025382,378416020533.715,4.38571090109774,7918.07890039352,3.40494192108662,7.78348854917121,2.13692424663519,3.13040424762312,0.195339992642403,37.3157440337106
2014,CYP,,47.7145166615435,-3.23643220043973,23308212816.7706,-1.53145163363409,27340.8838161118,-0.44166114134724,4.58647285012557,-1.53204803073783,1.53517310472808,0.472400009632111,122.331705317805
2014,CZE,38.2096612806746,33.7879530037283,3.89217924218107,207818330723.835,2.71511613157801,19744.5586092159,2.60703704295918,10.0544263576044,2.47997675689975,0.973401805234331,1.99733996391296,158.726956742669
2014,DEU,,28.340931554449,0.243467402110745,3879276587198.91,1.59533809824777,47902.6528842516,3.03837014138699,4.0435169808966,1.83197165224502,1.18843474364981,2.86854004859924,84.7810652101794
2014,DJI,,,9.63464979927582,1588000000.0,6.00019432397339,1812.42538582519,4.59439792046842,,2.96280242136785,,,
2014,DNK,,,-0.195708493379616,346119472127.525,1.26190583842356,61330.9126252044,0.74975356020029,3.30995030625216,0.780443729703293,1.17209860680413,3.08492994308472,100.70169423819
2014,DOM,,16.2706722267327,3.65669515838929,65231032303.2418,7.6089648355893,6268.63248273048,6.32113513713716,4.09153084284013,1.91551401121319,0.670803566417521,,56.3313119879206
2014,DZA,,,0.70413251397068,213518488688.12,3.7999999999999,5484.0668056148,1.80528098926762,8.60000002933961,-0.412084646482057,5.55605983091194,,62.5105145092884
2014,ECU,,,0.755615279290064,102292260000.0,3.992708508769,6432.29581291884,2.41280615963049,4.31375822116485,3.40081079759752,2.85683296077338,,57.4888950542299
2014,EGY,,,1.5864731338313,301498960051.639,2.22879101389299,3365.70742057477,-0.01454578844465,0.171023698998312,11.5128755052506,1.71228412388791,0.678680002689362,37.413768495171
2014,ESP,,21.5785277959199,2.58993473894391,1381342101735.68,1.36067301686447,29718.5002155441,1.66414521300406,6.3742531334005,-0.396462549040706,1.23435696722886,1.23138999938965,62.595854623689
2014,EST,,,6.41594350031654,26213936937.2806,2.82292271752804,19941.4526982953,3.09293609038397,2.19863876466005,1.72403651601101,1.95361431300849,1.43636000156403,162.59420748295
2014,ETH,,,3.83368922217547,55612228233.5179,10.2791870240632,573.565960346077,7.5490612958647,20.1871526530635,10.9599560124627,0.730052323499055,,40.7410841536333
2014,FIN,,41.7054595742194,6.34102909871945,272463347978.069,-0.708430320817726,49887.8969739642,-1.11821280972717,-0.163633724382734,1.71696439227181,1.32106893126351,3.17388010025024,76.2967219181551
2014,FRA,,49.014223136464,-0.0369219660613263,2839162443235.14,0.636621653309263,42696.7788294314,-0.156175467789183,4.74347388981914,0.528101900696271,2.24057507509472,2.25599002838135,59.8814746416295
2014,GBR,109.660627277117,39.7283920811202,2.37973173488226,2998833559195.71,3.07048379406776,46412.1172713997,2.29692029727869,2.53357993774044,1.64553234384388,1.97213412492867,1.70069003105164,58.1367696764848
2014,GEO,35.3784896169107,25.6582384456205,10.5989711798317,16509305827.7171,4.62333190661251,4429.65007451491,5.9988466003136,11.0867364546407,3.78048329642724,2.51758231737108,0.0984300002455711,103.41376559021
2014,GHA,,,8.70971294001688,38616536131.648,3.98586562415207,1441.63645311166,1.5706104255667,-16.0283259895504,16.681275444563,0.47904247004593,,88.4514117678381
2014,GIN,,,1.02655950755456,6624068015.50039,0.39999860108793,539.615774988756,-2.27286586679472,4.65586005830905,7.50068080996273,3.84615384615385,,80.6214928328527
2014,GNB,,,2.60167107894651,1109007405.7031,2.54107510152161,615.939682581074,0.0708240494444965,31.7538638772397,5.42355332888833,1.93604038153812,,50.0190732533685
2014,GRC,,48.4937155918325,1.14232419208913,236079774688.445,0.352849232575196,21673.7810702225,1.02354421250598,7.56187451182512,-1.84847446269507,2.34297311013917,0.838450014591217,67.4429214594709
2014,GTM,,,1.98522404734061,58722087391.6801,4.17416913658175,3666.57983772965,2.0621233331356,6.96718413778004,3.01622740922794,0.418365484505718,,56.717915109745
2014,HND,,24.5391213120958,6.67699522776985,19380958759.0497,3.08521496129973,2434.280046303,1.62703528136325,1.45400894351697,5.5274748368393,1.63686730628056,,112.609234550673
2014,HRV,,38.9490081701308,6.93055337091232,57136241867.0192,-0.360434269363935,13480.6507536281,0.0462684865982936,4.2956297877961,0.0143400534220461,1.58663683125661,0.790000021457672,90.5123346086578
2014,HUN,,45.2585648682839,9.04319535057423,139294565100.565,4.04732118010025,14117.9766762093,4.32798041964647,10.9233436708968,3.36063584726014,0.868520724041137,1.37072002887726,170.368752636562
2014,IDN,27.4317027797376,15.9112187389517,2.82101029606873,890487074595.966,5.02388905198994,3499.58873476515,3.70868941163597,2.1928474993294,5.38710492082983,0.778141412685605,,48.057271153145
2014,IND,,,1.69290983046819,2042438591343.98,7.24347174583309,1576.81766887286,5.93592005150938,0.795257862798437,3.29961779958288,2.48815792057442,,48.7995599465149
2014,IRL,,35.2277247698662,33.856931141309,256271350218.827,8.46236674549191,55503.3272623334,8.01766217405368,15.3229569762568,-1.17653632550953,0.464848772595471,1.51889002323151,209.656684636967
2014,IRN,,,0.495030555688068,425326068422.881,4.34334340221696,5442.87477076039,3.01981902655648,-5.68969809039508,12.2401204079525,2.32788902618586,,43.0630037197066
2014,IRQ,,25.6736032995876,2.09058072740907,228730703259.005,0.0601088720166558,6484.5293366572,-3.24728810270933,,-2.58048759459241,4.16197975253093,0.0391900017857552,63.310911136108
2014,ISL,,33.1460996638421,4.50093860736129,17036097481.8066,1.82666045354701,52036.7318144531,0.700112085068369,9.84191651359265,3.9854591637144,,1.89079999923706,100.992127725888
2014,ISR,,37.4292780100431,2.18221113269475,308769389865.564,3.16304703399375,37582.8462414114,1.20167211198957,3.84436526243499,1.11158041754965,5.8639792208436,4.10858011245728,62.6032590296774
2014,ITA,,42.7061080992119,0.792068582123351,2149814265578.42,0.0918949980592174,35365.1041218615,-0.822252156642477,3.28617902974426,0.890836027272826,1.46855083312919,1.28699994087219,55.8071969346659
2014,JAM,,29.1157208285038,4.18885539949827,13897561173.4853,0.694621084436164,5108.3570381199,0.47680227066445,-0.159600671579511,6.98664726789764,0.872890601335263,,84.7511122325145
2014,JOR,,28.2708921580513,5.60836349172317,35826925774.6479,3.09633027522935,4830.97691525943,0.298594656005548,-0.895518853803665,3.44431792866891,4.32635501507869,,113.07138171667
2014,JPN,,,0.379670019669948,4848733415523.53,0.335664786487811,38139.4223595003,0.498893203978994,8.26796252140593,1.74966059983905,0.946402360920229,3.58418011665344,37.5587796721031
2014,KAZ,12.6469696266918,15.308914994467,3.20243479894325,221415572819.5,4.20000000000003,12806.5651078094,2.66948100157649,-3.99999905881543,5.7712395305352,1.04169205733297,,64.9720346513507
2014,KEN,,,1.53810719812404,61395415492.333,5.33185940382775,1368.49113215797,2.58325552018832,10.5735633038436,7.99368072416327,1.33404470528083,,51.1249124679049
2014,KGZ,37.8705870315003,21.0016833294235,4.72539015594693,7468096566.71158,4.02403862892811,1279.76978265986,1.95799697404115,1.59189044512817,8.41522543819866,3.37589282594698,0.12644000351429,125.126181075833
2014,KHM,,12.3968733088444,10.3133535569742,16777820332.7059,7.07152535164744,1094.57668777899,5.32819173788897,10.1351193918479,1.68277735698037,1.65897924614771,,129.031222993455
2014,KOR,38.3878017121372,24.8402980437727,0.657080498657104,1411333926201.24,3.34144751931207,27989.3539925863,2.9227732810868,1.46598834977097,0.600438308468256,2.64191150499169,4.29162979125977,95.297215969565
2014,KWT,,,0.298715728199408,162631763879.129,0.500109942369747,43332.4062504589,-3.76911919474891,7.95638831366486,-6.75718840937331,3.65339742897267,,100.036728961867
2014,LAO,,16.7056908766706,7.77954902417561,11739027120.5835,7.51652413963899,1754.89619550379,5.75951386407584,,-0.0785955660488611,,,96.6173299262447
2014,LBN,,27.288321532351,6.35478341527333,45730945273.6318,1.79999999999336,8148.6391668339,-4.09722463764609,-1.48277347437373,1.28499237307894,4.9639602816229,,126.854455143213
2014,LBR,,,35.7712736801764,2013000000.0,0.701141635823376,457.858586520261,-1.65486737281022,6.38035272818378,2.69634158013122,0.714580228514655,,119.920516641828
2014,LBY,,,,,,,,0.510680627276372,,,,
2014,LKA,70.7365951793945,14.647575976226,1.11668299812496,80025305461.5834,4.87860303349355,3852.74206641873,3.90914119812544,9.56664924774509,3.86073510406382,2.52668330704562,,49.8308749215197
2014,LSO,,,3.7205718244941,2538831766.20046,4.54177889962357,1203.69589289216,3.24635512777081,,9.21628260267372,1.87854907935438,,
2014,MAR,,,3.20857364337773,109881398474.953,2.55104466824531,3186.60875960434,1.12347386985591,3.2676564451228,0.31130447520475,3.68454556477456,,81.1770322703574
2014,MDA,24.8099955377064,34.586791610888,4.38329094868362,7983271110.60446,4.799999749427,2244.76376248334,4.86391589811808,0.399999864082744,6.37542452187306,0.345292280232039,0.371520012617111,120.059794734494
2014,MDG,,10.6985100613672,3.285258012512,10673516672.6843,3.31585415515224,452.810394929053,0.47934096191797,-2.50806962060966,6.62603206192547,0.652799413990981,0.0156199997290969,74.6695666476954
2014,MDV,,29.9478137907123,10.7742050923624,3094197810.2,5.99732642311237,7716.20401546133,3.88266654434703,,4.52865938250307,,,196.913906913217
2014,MEX,,,2.07583255959616,1298175699755.5,2.2453085669359,10353.4479828794,0.903310398801452,5.96944524291759,4.70918458291672,0.667350467875847,0.538119971752167,65.6794861545394
2014,MKD,,,0.537857524791069,11318966946.687,3.540834354705,5453.28127512774,3.38709133682788,15.9845303516235,1.14648936624499,1.08888370968872,,112.971179958906
2014,MLI,,,1.02843689311599,14004067516.3577,7.04335620365953,819.621297242724,3.94893260330991,5.52506941346955,2.17972917103724,1.55753592358689,,55.1345334395518
2014,MLT,,41.4961262341064,-2.85700933759858,10737561363.9379,3.46097915656811,25125.0956185779,2.49503605692776,-0.388991172166371,1.96676071940173,0.526350257633234,0.848089993000031,286.768649062759
2014,MMR,,,3.31684994763261,65574726566.3779,7.99124334352032,1227.1372167517,7.0751079938675,33.5496613090039,4.17353811733807,3.57903020041841,,42.2588121887143
2014,MNE,,,10.8296286432561,4587740464.37265,1.78365267085452,7378.04227074613,1.68494801419006,1.56652742839101,1.0362146259251,1.50668566459442,0.363200008869171,100.127648954386
2014,MOZ,,,29.4720941647931,16961127045.8266,7.44383742854022,623.197936625371,4.48657212000319,14.5542676045946,2.63398407223769,1.02441412273758,,118.122605694891
2014,MYS,,19.6830982605882,3.14120255293104,338068990803.263,6.01216652008209,11305.9000976846,4.46419090471331,3.9890143066629,2.46443476596743,1.45508312049354,1.26259005069733,138.309446471921
2014,NER,,,9.96775258634266,8245312136.56544,7.04979794804296,431.381682137856,2.8220436487221,6.21508235626594,0.524376820166992,,,60.1819503773482
2014,NGA,,,0.818972357546371,568498939784.021,6.30971825251392,3203.24429573261,3.51865424571179,5.96923744786251,4.66262373910699,0.414718774984542,,30.8851935972786
2014,NIC,,15.5458583817832,7.49349773281046,11790221756.2778,4.56521214601311,1960.49090771313,3.37823898268803,3.4895037191762,8.86911522503435,0.690334183474821,,102.395346105997
2014,NLD,73.2479849413582,41.9160854770983,11.5267806448131,879635084124.987,1.41969029584088,52157.4068701887,1.05540946304433,4.20771554168616,0.149996599425435,1.17464645977122,1.9728000164032,154.288485206815
2014,NPL,,15.4358671923211,0.153459044653957,19811974851.5518,5.98898466088025,703.182570716641,4.71092367204353,20.9403810910551,9.35220120504906,1.58826782468861,,52.2551956792045
2014,NZL,56.9396874740943,32.5781018877477,1.64666731924846,200142409766.821,3.57617579967464,44380.426584212,2.02357818030792,7.42863971419806,0.17202650688462,1.13703058940562,,55.2350161651331
2014,PAK,,18.0120192436629,0.764033888378888,244360888750.807,4.67470798143725,1320.55354981784,2.49593607248124,0.254363101655187,7.41155324090015,3.47657944030318,,30.9012446161031
2014,PER,19.3186117220959,20.2177267748989,3.92223981011935,201021342537.156,2.35433303756285,6490.18118975687,1.00708441520503,-1.00261254780204,2.57160361843761,1.45695364238411,,46.7924594414661
2014,PHL,45.3548357252452,13.3910373865892,2.01505789624679,284834199296.32,6.21842575154629,2873.08818884252,4.53950745828831,9.30982587148432,3.17685939713932,1.08945073091121,,61.2633898020038
2014,PRY,,19.2333158477316,1.48640756418063,30881166852.3116,4.72233374488668,4712.87020536405,3.33431314526227,5.27351456584175,5.13903095376746,1.39886746298403,,88.0707726139262
2014,QAT,,,0.504490726802354,206224725274.725,3.97888214728583,94944.0855935367,0.590717731516293,6.43366419684048,-0.198497376191753,,,99.0343138952759
2014,RUS,11.3563620875153,26.8300788748652,1.07322913948801,2052806729652.36,0.706370560425242,14051.599123979,-1.07468330529909,-7.57730033037146,8.98608509205128,4.17024442521887,1.18691003322601,48.4452695484886
2014,RWA,,16.8073775622428,3.68705935284172,7912161659.7618,7.00913242009133,697.626501273706,4.52345243446143,9.43012211668928,3.65184567055572,1.1493234476367,,46.1723818350324
2014,SAU,,,1.06280835793947,753831733333.333,3.63869904904455,24406.4764554706,1.3385484052634,6.63324033790506,-2.2799694331425,10.7135845346919,,80.9098688336814
2014,SDN,,,1.52313657405923,82151588418.8325,2.67941181278037,2087.70054355486,0.500121054134524,-10.9835824648352,33.8951741442705,,,19.458834255033
2014,SEN,,,2.63376434562175,15284658818.4015,4.31105102139782,1041.71746058997,1.10110550794862,4.39952232325736,-0.961718723163258,1.56950583256218,,75.3965417247799
2014,SOM,,,7.68549672392421,5647000000.0,,536.911143630244,,,,5.27552215066626e-05,,76.1643350451567
2014,SRB,,,4.52269607090999,44210806365.6817,-1.8313011070928,6200.17322102474,-1.36932596510563,5.57397495882587,2.70811000360125,2.06593969670379,0.775770008563995,97.5988658067086
2014,SSD,,,0.00779866869804756,13282084033.8983,3.37364847715736,1115.09351496025,-0.595765402990182,5.09999999999999,-3.08515664245506,9.77473212998617,,54.1638639978693
2014,SWE,,32.8927261458429,-1.62899858188108,573817719109.402,2.60432656462434,59180.1989776727,1.59130022866508,6.28081489593609,1.77736978830542,1.1424391136038,3.1609001159668,85.7506528078357
2014,TCD,,,-4.85228426366441,13922223233.5184,6.89998504532167,1024.66835402191,3.42820776580244,9.10991042967379,0.645785332472741,2.81839265614041,,76.6265231668971
2014,THA,30.1963477044348,19.4532530593404,1.2305736004412,404320038916.496,0.817633101784082,5969.94011583791,0.408924548578412,-5.27975893371,0.962937087364651,1.41714083072233,0.482859998941422,131.956512501986
2014,TJK,,,3.34881558615246,9236309138.04277,6.69925065988284,1113.36635446715,4.33337808255698,,5.46374300346335,1.12838009700648,,53.903717558524
2014,TKM,,,9.58338985920944,43513684210.5263,10.2999999705459,8199.00938322259,8.90545167151757,,0.644834158931886,,,
2014,TTO,,,9.50798030566748,26175906133.4665,-0.575925252656859,19325.3855038908,-1.03418460227415,-1.13749505228904,-0.928972841033016,0.745387717269498,0.0781600028276443,80.3878098400133
2014,TUN,,,2.15269948879071,47603227896.5659,2.86812367021876,4328.90419734881,1.8381889252893,,4.53926862214402,1.93637398534944,0.641030013561249,102.121485844387
2014,TUR,36.9136260034774,34.9614748122445,1.56776240021012,798781754066.919,3.02011821310668,10303.6987055756,1.29237106439082,-0.278948001039552,8.27094452396562,2.22467466325128,1.00713002681732,60.0130499370702
2014,TZA,,17.5992167079687,4.24205071121806,48197218326.7942,6.96513331674484,957.934534330474,3.64923394902161,2.90042365097082,5.03747412234796,1.02960149132918,,49.2025178022855
2014,UGA,29.4045643713676,12.181695254525,3.81316132652934,27760811822.5182,5.1838289628917,734.744015300391,1.81647395599585,2.40571432181753,3.44011635142761,1.20164905585521,,45.5397081214841
2014,UKR,63.6653191884884,43.5407000374941,0.634440716736561,133503411375.739,-6.55261889108043,3104.65829575449,-1.14453180874146,-22.1056777137263,15.9018087091171,3.021144799816,0.658720016479492,100.691782483624
2014,USA,97.0981198696978,22.9363156188979,1.19223694587447,17393103000000.0,2.37045767146387,54539.6655752119,1.57436655394234,4.4145236813395,1.79035167185162,3.50664283423148,,30.2381581940842
2014,UZB,,,0.999609650723176,62643953021.7594,8.10000000197515,2036.69172343054,6.29175523721655,-4.1391694725028,10.8813463856863,,0.197769999504089,50.505752708502
2014,VEN,,,,,-3.89438647450662,,-5.20250603320184,-18.5321119942796,40.4404901065548,1.15602762885711,,48.0908135255646
2014,YEM,,,-0.539237345667215,43228583935.0365,-0.188690232450909,1650.97459711297,-2.66821849808061,,7.16332078342425,3.96689108823111,,49.8365748424454
2014,ZAF,,33.7572482147858,1.64861308410332,351304928727.413,1.62887154261438,6498.58899959915,3.45792960843028e-06,-0.506101875930696,5.70127255536086,1.10829020667486,,64.0869357896054
2014,ZWE,,,3.33030157085211,14196912500.0,3.84829030719978,931.19818468692,1.4794764242065,-6.69682062554479,1.33869185686815,2.59281727629159,,79.5608826919233
2015,AFG,,,0.874678514378757,19331286549.3323,0.84071852799228,594.323081219966,-1.9465865993342,,3.81714892377272,1.01255579897999,,56.9791153844575
2015,ALB,,,8.69648663247406,11398392444.316,2.80000000053559,3945.21758150914,2.95965280011498,-1.39999999581801,0.15953541940425,1.16113478483298,,72.0931273266492
2015,ARE,,,2.96406715534382,370296255956.433,3.75764285270105,40438.7629344394,2.95513537315793,-1.15412742196263,-11.213185373134,,,180.47478037198
2015,ARG,,,2.05406979401888,583168571071.407,2.37229601701262,13431.8783398577,1.34253341805253,5.5431193277103,23.7483505677335,0.862948056192502,,22.9318216622414
2015,ARM,,,1.69484117619884,10529182498.3475,2.99999999999983,3489.12768956995,2.60550443514805,-15.1,1.17832686639846,4.24895108174756,,71.757508660916
2015,AUS,,,2.88536948586549,1339140527498.13,2.24002857543144,56310.9629933721,0.876824984355508,-0.00353917572597595,-0.65182247960432,1.95065215378813,,41.0069381235193
2015,AUT,,,1.14134826078945,376950249528.668,0.963058398933342,43774.985173612,0.148034202399174,3.38195713003297,1.88738937083856,0.672999897262704,,102.112178182482
2015,AZE,,,7.63025108137496,53047140347.4527,1.09999999999999,5496.34464026248,-0.117953780347179,,-8.84581664869532,5.61155870702328,,72.63877568668
2015,BDI,,,1.60087757795478,3097324739.82522,-3.90491935264366,277.068309170914,-7.01723054924864,-14.1,5.88677596803571,2.13616119690109,,35.782668855713
2015,BEL,,,-4.56993741984245,455085726960.186,1.50022967938888,40324.0277657215,1.01000184907443,4.31845697143307,0.86832375344305,0.915801796901578,,164.1858624377
2015,BFA,,,1.56765464401061,10678201939.3595,4.02104940907877,589.774414136617,1.05436250966247,4.93202986468579,0.266895061363897,,,65.4122429968611
2015,BGD,,,1.73276321128783,195078665827.565,6.55263331602802,1211.70153057661,5.2831474252867,3.20270518169889,5.87277657668392,0.00137252736537788,,42.0859990835216
2015,BGR,,,3.68580184356058,50199117547.0415,3.61744263250927,6993.47735975728,4.28070769325342,5.44306299712937,2.20583991891108,1.31645318203049,,128.066637324589
2015,BHR,,,-4.69952116151653,31125851063.8298,2.8629558752814,22600.2140981035,1.71970800611805,,-9.36925158471993,4.59271386239118,,
2015,BHS,,,0.859278656777281,8853519100.0,-1.66364410731916,22817.2308572518,-2.92193302360201,-15.5511872040101,4.47407311253826,,,85.8150879236258
2015,BIH,,,1.81234204967819,16191716214.6829,3.03482672375767,4249.3303131949,3.22784045064581,,1.4449935342942,1.00235046007608,,
2015,BLR,38.8690173347019,29.0606496752277,3.02569380605902,54608962634.9908,-3.8876985023516,5740.45649479562,-4.19079626803325,-8.49999999980695,16.2944221023317,1.32516700841219,,119.850208410539
2015,BLZ,,,3.37272719188202,1752861127.94553,1.04380105507983,4878.72126724745,-1.08823560585853,1.04447411530933,0.983316652989274,1.12000458490457,,135.162354252588
2015,BOL,,,3.06735917442666,32997684515.1954,4.84872376071746,3076.79181060881,3.25695414977967,-5.12988716872212,-4.62031172053766,1.62216091994351,,67.8028542107064
2015,BRA,,,4.23020875522449,1774724818900.48,-3.84736249471105,8538.5899749574,-4.66601352003615,-14.3198028360322,7.96989203654881,1.38666829710795,,27.3674142985184
2015,BTN,,,1.63455440130151,2057947621.19283,6.49137058721065,2655.99889161858,5.14145093785842,10.1433576103992,3.70390283945837,,,92.8572256360245
2015,CAF,,,0.189420635269558,1583776759.97697,4.79988608115663,323.201674024141,2.74767686416679,,6.16229806836537,,,47.1906235599653
2015,CAN,54.7872018587316,17.3014710924485,3.59136231480679,1550536520141.93,1.07826875075381,43248.529909341,0.209585604017292,0.290171246744336,-0.553056620525169,0.969375098321575,,65.3800154087556
2015,CHE,,,17.8467101647286,670789928809.882,0.842236937577141,80945.0792194742,-0.354280903353143,4.48266794457383,-0.56236466616545,0.711015328688852,,114.092346182938
2015,CHL,,21.9317118257196,8.49565583306383,240796388428.74,2.30556699457074,13416.2300390185,1.24823917192379,-2.83848320947726,4.3321945031404,1.91615274404219,,60.2334779887758
2015,CHN,,,2.2698515825686,11007720594138.9,6.91433010805844,8027.68381013907,6.37243705351504,,-0.43495803147907,1.95101963802595,,40.6716816776751
2015,CIV,,,1.35443332159337,31759248867.8039,9.1633807029076,1398.98995768413,6.54532696860335,19.4546453801991,1.8215069357928,1.46531925101075,,75.7145420066807
2015,CMR,,,2.18229191204943,28415950981.4447,5.77324758060715,1217.26067048427,3.18528006397794,6.77845681069418,0.270521513997664,1.24512988944819,,49.6316923113539
2015,COG,,,17.3757885001794,8553154505.83585,2.64644793533979,1851.19991555492,0.0834025672807286,-6.0,-29.6910394451923,,,165.645863816351
2015,COL,,,4.01678407362623,292080155633.31,3.08328596730483,6056.14771720405,2.14858419987505,3.88547362700811,2.55959719516481,3.37716598260096,,38.9506636082457
2015,CYP,,,40.9568255735833,19559942331.1523,1.67927372879697,23242.8400685313,3.00314488780138,2.12944564281842,-1.26077499865519,1.80811013085977,,122.101013766357
2015,CZE,,,1.33861417519408,185156359571.116,4.53562869858659,17548.3382129701,4.27930326493862,8.2202795459456,1.00164285354121,0.960302901562481,,159.780332695519
2015,DEU,,,1.37439692378868,3363446822668.29,1.7207335002516,41313.3139945434,1.18266897420713,5.47229004893642,1.96947445513199,1.17108829406295,,85.9938604994692
2015,DJI,,,7.17998983717192,1727000000.0,6.50050830791793,1945.12429310444,5.09863184235111,,2.11468545681666,,,
2015,DNK,,,0.566283430390265,295091333721.319,0.988024995480515,51989.2934712354,0.409301187943441,-0.00123050626383758,1.20145062017399,1.17339689233167,,100.572242534932
2015,DOM,,,3.29488067105631,68102618092.1031,7.04093618899402,6468.4734915433,5.79602150502474,10.974192514007,0.884129757313488,0.650728660771037,,54.0024704414282
2015,DZA,,,-0.241788793531833,166838617796.555,3.89999999999992,4206.03123244958,1.98216038568944,,-6.0241949734025,6.23794660869253,,
2015,ECU,,,1.0581923685445,100176808000.0,0.157743724332676,6205.06414529951,-1.3401652826073,-8.58148807085129,-2.22228519505586,2.69270049167609,,44.3343083960112
2015,EGY,,,2.08139251625648,330778550716.746,4.2,3614.74676616271,2.00412035727904,0.609756097560975,10.9406634103739,1.73345542843032,,34.8547205531319
2015,ESP,,,2.10991089873706,1199057336142.84,3.21428640203662,25831.5823052954,3.35351081203112,7.4791769340198,0.610829863173819,1.17608930900212,,63.8058065649886
2015,EST,,,-2.90307346982909,22459443273.8161,1.44421310300862,17118.5042003236,1.64114816752345,-1.40623887522383,1.03813063396532,2.0343991214556,,154.422991080246
2015,ETH,,,3.52227844523472,61539711686.6936,9.60751800101079,619.169406475891,6.92550325905761,4.62393740565395,6.3596439482549,0.707540718222384,,37.1732157690792
2015,FIN,,,7.33897086839127,231949650659.865,0.210290275684116,42311.0362306446,-0.164464611059472,1.90337717269182,1.62935224729148,1.28425189697297,,73.6924393614122
2015,FRA,,,1.44568541674404,2418835532882.33,1.27418032469893,36205.5681017036,0.800547991398986,6.63320107849799,0.638279895165979,2.1024142345204,,61.432493498586
2015,GBR,,,1.76482113303795,2858003087965.69,2.22150212833063,43875.9696143686,1.39750603697944,5.38556785761834,0.414745423155765,1.94025248931813,,56.4607875263338
2015,GEO,41.3654700843913,25.7417963406765,11.2495909196346,13965385801.7891,2.7749280945405,3795.97330845042,4.11583501178374,9.69046347113911,5.78204037099069,2.34132524386819,,109.954192665891
2015,GHA,,,8.50302271413812,37543361203.5609,3.91722164434252,1369.70112227585,1.55416664573997,7.92359682948327,17.8002242317357,0.490802816596876,,99.2482828705072
2015,GIN,,,1.26880754481823,6699203543.29047,0.09999452777447,531.320595188714,-2.5442031562968,1.31220025316907,7.82339510907858,,,78.1023790057232
2015,GNB,,,1.73587796775318,1056776883.4727,4.79677983138016,572.988428543071,2.30732893852101,47.3286902632119,8.77447555731814,1.76043374803539,,61.5171466366097
2015,GRC,,,0.585539942310243,194851319174.892,-0.219147178263057,18002.2305776688,0.414003083832256,0.309679964169931,-1.04375649176819,2.60817695661914,,63.6862626471646
2015,GTM,,,1.84268204344672,63794152886.0397,4.14878447478388,3903.47885604613,2.06233526792676,8.89848848777679,3.26556790348968,0.430086248874515,,51.333403385261
2015,HND,,22.4205190841316,6.44768593834479,20420967148.9362,3.64301719086453,2528.89354988523,2.18779019699696,7.62720118847878,6.29982053270749,1.54925880530053,,107.434916065191
2015,HRV,,,0.3262101404206,48732003674.38,1.64461325883687,11535.8293558997,1.98111041119844,8.56870248234023,0.115849604450233,1.54958414583126,,96.0172082926127
2015,HUN,,,-2.15612573554604,121715203207.647,3.14808382902419,12363.5434596539,3.37630558865814,6.10379056206864,1.73213015243014,0.840509718341227,,172.54291977661
2015,IDN,,,2.32665970146215,861933968740.332,4.79392130382234,3346.48703949478,3.52896031266501,-5.84267397336882,4.2308651659033,0.886273831969455,,41.9377101882213
2015,IND,,,2.10029239302055,2095398349095.54,7.56336717950757,1598.25903421916,6.27044265260412,-2.76223815251882,1.06718630403606,2.42141917655536,,42.4120542028434
2015,IRL,,,71.7169754043591,283703217034.49,26.2760572694316,61133.672427322,25.6372080966723,21.6860320520775,4.8791197709549,0.350604667844455,,216.242826811831
2015,IRQ,,,1.9262295252902,180068537409.153,3.01992456355764,4943.76038832056,-0.23302374838299,,-23.4952379936348,7.27735490009515,,56.9200761179829
2015,ISL,,31.1118689437241,6.26094433288632,16598494830.9142,3.95712220060858,50173.3399156473,2.87708656522805,,5.88374650631923,,,
2015,ISR,,36.8099582496057,3.84422040456482,299415714726.768,2.50783606159001,35728.0934951515,0.4932495741498,-0.500604996559829,2.76548613390875,5.37615250727315,,58.4316131465952
2015,ITA,,,0.714128382038284,1821496964400.58,0.731730561315075,29957.8043154372,0.710284384722357,6.04906079802399,0.625270303223346,1.30866991202318,,57.0387045754044
2015,JAM,,,6.56092645082076,14262190323.0222,0.996498915206701,5232.02458271187,0.796909804636741,-4.38030073030188,7.07161034673307,0.829288525683589,,74.9709241821433
2015,JOR,,,3.39785908148493,37517410281.6901,2.38268685636369,4940.04583574111,-0.0232003976271074,-3.04666811505933,2.28142875976592,4.30748371461253,,98.0780329769376
2015,JPN,,,-0.000955628144681963,4383076298081.86,1.21943813894599,34523.7007742331,1.35762633936594,0.127473425362794,2.03533450547235,0.932658518067829,,35.5947617658213
2015,KAZ,33.0492916670246,15.487142712709,3.57105619530856,184388432148.715,1.19999999999956,10509.9810699442,-0.270354373880323,-0.599999019599423,1.82354987682301,1.03145147730365,,53.1413922392622
2015,KEN,,,2.26663153853961,63398041540.367,5.64919707770292,1376.71282894881,2.92661103457871,-1.16812462130397,9.14268685289316,1.50522085049906,,44.8067747911475
2015,KGZ,,,17.3354494207497,6571853849.00585,3.46928102597576,1103.2153515202,1.35890371446727,-16.998160244619,2.18051223599356,3.58374121148959,,108.382512796968
2015,KHM,,,9.42367262985559,18049954289.4229,7.03608717929632,1158.6899035244,5.31996010451155,6.50088780598254,1.2632964145261,,,127.86406699658
2015,KOR,,,0.365926294028936,1377873107856.33,2.61193540870619,27221.5240509661,2.22049931029176,3.22605194455414,2.20977670570524,2.64370105957847,,84.8428404748775
2015,KWT,,,0.249600670269659,114041209704.221,1.84699926221793,29300.5755750333,-1.79012908970709,5.09205762267932,-27.2060145820985,,,99.6415561707708
2015,LAO,,,8.72453471572637,12369080042.8375,7.3503860077324,1818.44137293236,5.57137738604003,,-0.640843117619397,,,86.9691519182664
2015,LBN,,24.28091274205,4.97376144986537,47084703150.9121,1.30000000005757,8047.64508557496,-2.83194377187257,1.24195007845583,1.63896007194975,4.75614359627978,,121.930215746393
2015,LBR,,,35.1209515556213,2053000000.0,,455.873934536237,-2.37338673253635,10.1983703971629,1.98708395429705,0.65852411105699,,112.391622016561
2015,LBY,,,,,,,,-15.7069182839977,,,,
2015,LKA,,,0.827588232734476,82316172384.325,4.78598456723587,3926.17439589454,3.81139394477039,10.5970174515064,2.14345751210057,2.20956039494886,,48.4775672838413
2015,LSO,,,4.97003349741155,2278037785.7279,1.6119404351862,1066.98562625017,0.382853165013501,,3.81442202402225,1.89298175883676,,
2015,MAR,,,3.23372871708098,100593283696.732,4.50848746470318,2878.20134215919,3.10961873187046,-3.14114880752435,1.74884176195398,3.2490890561512,,76.3791929124038
2015,MDA,,,3.56881381031255,6568288861.76807,-0.500000006226458,1848.06180430428,-0.437094248172926,-4.29999982997452,9.57914607185424,0.355080395014416,,117.531168740981
2015,MDG,,,5.31341732150948,9738652322.17322,3.05415601614523,401.836006029745,0.232056883334607,3.09246594102255,7.5548174960759,0.631284531312332,,78.9451150788254
2015,MDV,,,9.42792795405172,3435244658.76626,2.84664349798271,8395.78519750383,0.794803153489127,,7.85024931089964,,,171.209343398943
2015,MEX,,,2.80264826387286,1143793184190.1,2.46495592537053,9005.02426497766,1.14891073364088,5.03195110676896,2.52143723397576,0.676652500688003,,72.8288163709212
2015,MKD,,,2.94074534142117,10086021261.4631,3.6652803609359,4852.6578476699,3.52423054510618,2.39552991021009,2.80112542207873,1.06509293016315,,113.329878048807
2015,MLI,,,1.19985143660998,12746688961.7795,5.96258159051517,724.256283193304,2.86991354692516,5.67437656702592,2.75824839213887,2.42550002212833,,52.1061852203722
2015,MLT,,,25.84482948655,9746478873.23944,6.15495823516812,22596.1817742659,5.1781513846944,5.57140555244875,2.29757943422797,0.573096354285194,,278.265668381048
2015,MMR,,,6.52361022400863,62600906116.0987,7.29403184539702,1161.48815791087,6.37831154263813,36.687249051445,3.93893516235448,3.50231345390768,,47.3167670958403
2015,MNE,,,17.5501804710939,3987061627.51107,3.15119138092896,6406.07085533633,3.05539681448779,7.87114242282713,0.787333430626063,1.62727366292347,,104.30857559312
2015,MOZ,,,26.1250361391366,14807075727.4667,6.60972321382343,529.242556068943,3.70769387465457,-11.8386111225818,4.42699321866363,0.992915986607837,,99.6902312124388
2015,MYS,,,3.70008222853672,296283190372.552,4.96878521601461,9768.32686011881,3.48407821154481,1.24869464749928,-0.371082835565076,1.53508582411372,,134.155076248732
2015,NER,,,7.34961310841033,7142951342.4223,3.60530160522534,358.958152040005,-0.483862892417321,2.4217703375339,0.026400789347349,,,56.6164421336925
2015,NGA,,,0.650345417194235,481066152870.266,2.65269362304348,2640.2907388575,-0.00992406269723745,-26.82131089338,2.86366439780939,0.41763653774706,,21.4469296670706
2015,NIC,,16.0050656077434,6.57865596926345,12692562187.4933,4.928954391584,2086.89500277099,3.75374593424603,11.5950064865914,7.72600718349648,0.564280765437725,,92.9847975237971
2015,NLD,,,13.5667401769853,750283908173.45,1.95171098230912,44299.768085383,1.52123466511016,5.76977266424257,0.0862492455714374,1.18250309298465,,154.14711225354
2015,NPL,,15.9899512144417,0.244850078052643,21194888047.8339,2.7252721909615,743.322965726435,1.5040556576388,9.58719130034069,5.07371215582515,1.50898140822529,,53.337634188387
2015,NZL,57.3212286130543,32.4375198166633,-0.0777943415599987,173754075210.516,3.392999933052,37807.9672760442,1.45819174404001,,-0.115035596527562,1.18619034431829,,
2015,PAK,,,0.3611881237132,271049886672.733,4.71245780369472,1434.69666504969,2.56162451954218,-1.60735807102661,4.31886212418469,3.5545584974851,,27.6042920579542
2015,PER,22.6493603114222,20.6483584013878,4.13360973678343,189111139010.075,3.25120242475616,6027.12585529551,1.92333265065831,-0.8222992251264,2.23807126116438,1.60648402478229,,45.0084394558252
2015,PHL,,,1.99529199825143,292451392606.609,5.9050145623096,2904.20208191528,4.26362947005092,19.3479359319048,-0.631864358974838,1.32329054514367,,63.0354925436678
2015,PRY,,,1.1636015879029,27093938619.3333,2.96223631116965,4080.95144785437,1.6191305311248,-4.03781289036243,-0.604785735474593,1.70513701412544,,84.4551688786972
2015,QAT,,,0.650430923001193,164641483516.484,3.55101568700967,73653.3944346574,0.619157533458718,-9.17310285644231,-22.901811514034,,,92.0561659950442
2015,RUS,13.9234031069224,31.5868626540273,0.486655822141945,1331207745853.38,-3.72667344001421,9092.58053606884,-3.9340216039501,-25.6703310638905,7.68120051388661,5.0088912229058,,50.7380112670612
2015,RWA,,16.6968803043359,3.99216854837028,8095980013.73418,6.90420311499894,697.34822808289,4.43528034430084,9.05145691258524,1.20534827611247,1.15637313688539,,45.3315059105705
2015,SAU,,,1.26021720473873,646001866666.667,3.48561679152148,20481.7453220484,1.34037607051951,-2.78085759067153,-17.1906520704651,13.4962251915062,,72.527757401733
2015,SDN,,,1.78760150428535,97156119150.0,4.90604517452817,2414.72360102858,2.59957073750232,2.49999883995081,17.9037584478598,,,19.1008041102885
2015,SEN,,,2.53645665057606,13609989582.0353,6.48519475353841,899.579879484977,3.27066539663825,11.9999999998184,0.031975357356842,1.57845930363773,,75.2954862489696
2015,SOM,,,8.70886075949367,5925000000.0,,549.266976567576,,,,3.53636075522628e-05,,76.1518987341772
2015,SRB,,,6.3109037487809,37160332465.1645,0.757715153115953,5235.14220696525,1.21661664994821,9.31785037630127,2.67599969306467,1.94872327164322,,103.100039525479
2015,SSD,,,-3.07258132710005,9015221096.24474,-6.34977795213875,730.580100916022,-9.60275355467878,-0.0999999999999943,0.46812647450642,10.9285145134453,,67.3556725363966
2015,SWE,,,3.36577441667571,495623697305.492,4.12388430127406,50579.6736486777,3.03193457822093,5.4856524449433,1.98371529149763,1.08489233482924,,86.4459262955426
2015,TCD,,,5.51226859500323,10888798113.7866,1.79999952119844,775.695090525313,-1.46644717122157,-20.6000020337217,-8.09278474614045,2.02944820964625,,67.1510502635162
2015,THA,,19.0482496079717,2.27840202308975,395168025882.03,2.82833528757919,5814.76976382355,2.47521134346704,-0.350587385460472,0.221705797044123,1.45165963281304,,126.801221197973
2015,TJK,,,5.42625049762611,7853450374.0001,6.0,925.91188767081,3.6753210235261,,0.124298966900341,,,52.7904044494397
2015,TKM,,,11.8778912431967,35854571428.5714,6.49999990951666,6672.47754417351,5.1856911041976,,-4.98498154826056,,,
2015,TTO,,,6.87035569616123,23559287483.9276,-0.578521567736374,17321.884675056,-0.988243134732642,56.0100110711159,-9.92032311140343,1.07937146831551,,84.2186936843997
2015,TUN,,,2.24497721931901,43015089722.6754,0.9946425233517,3872.51208364171,-0.0164131536137262,,3.37977877206093,2.27712305518948,,92.5727437353635
2015,TUR,,,2.36209463897215,717879788566.76,3.97194514959554,9125.68758972936,2.46251814447101,0.209936869291695,7.42924855794327,2.12769666403059,,58.801892183818
2015,TZA,,,4.29685937275051,45628247290.4618,6.95937442186003,878.97510552608,3.66873194344765,-2.11918324823581,6.56456383901127,1.12410700156424,,47.9652623802463
2015,UGA,,,3.8406473242322,27529249701.1469,5.14383772696638,705.292569535068,1.77822275587623,0.100411201205517,5.07979490907266,1.1992438255591,,46.4754185546751
2015,UKR,,,3.36588778342354,90615023323.7353,-9.86978436230361,2114.95471628444,-9.5414062668703,-21.9670981998078,38.3955786937018,3.99730633334984,,107.532314401215
2015,USA,97.8324741936528,22.7559743916941,2.10368356692441,18036648000000.0,2.59614804050973,56115.7184261955,1.79450887228758,4.58130371352235,1.07592055570356,3.30451644895437,,28.0018604343778
2015,UZB,,,1.60100283019099,66732736498.1951,7.99999999716303,2132.07036847857,6.13050048444038,-13.3763405610453,9.53082084034361,,,42.8393940712731
2015,YEM,,,-0.0409308345929754,37733919936.2465,-28.0968348895933,1406.2916511457,-29.8347460831917,,21.398384173148,,,32.7264415171829
2015,ZAF,,,0.500734426697742,314571945857.401,1.26465137815678,5723.97335690212,-0.390523296614106,5.33024687654427,3.95689741883058,1.09998226027957,,62.4524615357017
2015,ZWE,,,2.76853355500466,14419185900.0,0.474263932413606,924.143819253412,-1.8239758395614,-16.1581330991598,1.08623051957149,2.61233194864351,,75.5969967763575
