year,country_code,terror_count,armed,arms_import,exports,foreign_in_invesment,gdp_growth,gdp_per_capita,gross_expenditure,public_health_expenditure,total_health_expenditure,imports,life_expectancy
2012,AFG,1446,338150,521000000,5.516850325,0.299592102,14.43474129,690.842629,27442067590,11.668976,8.51891268,8038495178,59.67960976
2012,DZA,41,317200,807000000,36.89259508,0.717733169,3.374768651,5583.616152,1.91536E+11,9.98819159,6.14311272,59611982759,74.32409756
2012,ARG,2,104350,3000000,16.23785946,2.8066719,-1.026420463,12970.1739,5.3534E+11,8.7412893,5.01904817,78013690408,75.8162439
2012,BHR,26,19460,26000000,74.32099321,2.89835267,3.72810843,23057.76758,22615531915,9.34712667,4.36591164,14719414894,76.40763415
2012,BGD,18,220950,206000000,20.16158886,1.18810285,6.521435078,858.9333626,1.43741E+11,6.92130549,3.08120807,37272043677,70.86026829
2012,BLR,3,158000,75000000,81.34081762,2.300699126,1.731391223,6721.483351,60680241236,13.21285743,5.00822363,48810119226,71.96585366
2012,BEL,1,30700,32000000,82.30580645,1.342344288,0.137051659,44740.5717,4.94815E+11,14.85258063,10.53975001,4.06718E+11,80.38536585
2012,BOL,1,83200,12000000,47.16597027,3.913547587,5.122370993,2645.291999,24543125904,11.33462372,5.5569911,10233285094,67.44546341
2012,BRA,1,713480,311000000,11.70305477,3.513179493,1.921150318,12179.69062,2.4987E+12,6.8625061,8.26089862,3.22009E+11,73.83958537
2012,BGR,2,47300,5000000,60.80181048,3.317271882,0.030943608,7378.025539,55613211564,11.5357273,7.10569778,34484200394,74.31463415
2012,BDI,4,51000,5000000,8.950128922,0.02446705,4.01936553,244.1964862,3177477490,14.05947053,8.20755375,926374220,55.78929268
2012,CAN,2,66000,205000000,30.2136045,2.706688355,1.745472283,52496.69487,1.86023E+12,18.56502884,10.77921223,5.87121E+11,81.56243902
2012,CAF,3,8150,7000000,11.57194295,3.206468186,4.112797869,472.8182181,2404038885,10.5066313,3.62284672,472607624.6,49.10529268
2012,CHL,2,106100,62000000,34.30717321,10.72912999,5.45713061,15253.33083,2.65758E+11,14.65070469,7.23794642,91519613967,80.89485366
2012,CHN,4,2993000,1703000000,25.40819715,2.817739005,7.85626211,6337.882993,8.32868E+12,10.48547293,5.26451547,1.94322E+12,75.39292683
2012,COL,115,440224,207000000,18.25876189,4.068437069,4.043943806,7885.061292,3.76234E+11,18.87406411,6.93347013,74069955861,73.63078049
2012,CYP,1,12750,6000000,53.50644681,198.3054478,-3.157777674,28951.15556,25383142747,7.45557803,7.43887767,13754079404,79.76226829
2012,COD,23,134250,10000000,33.99501346,-1.531265919,7.157859628,390.7066035,28966806688,11.6025168,3.7652661,10839711772,57.85407317
2012,ECU,1,58500,88000000,30.16480927,0.644911279,5.641962067,5702.168288,89174386000,7.32124371,6.47936086,27772113000,75.433
2012,EGY,48,835500,281000000,16.57611976,1.012363434,2.193878354,3226.131379,2.98474E+11,5.84574557,5.29360162,67928934857,70.72914634
2012,ETH,3,138000,193000000,13.7672982,0.643172898,8.647811635,469.7923039,51047448883,18.53255031,5.76934846,13699443640,62.79353659
2012,FRA,65,325600,91000000,28.52181363,1.228845226,0.182693034,40838.02444,2.73925E+12,15.53038182,11.43898967,8.2262E+11,81.96829268
2012,GEO,3,32350,2666666.667,38.15052258,5.245677071,6.350481944,4142.869175,18959958578,3.81764393,8.57085151,9158996851,74.35270732
2012,DEU,5,186450,157000000,45.98253972,1.847194475,0.491992829,44065.24891,3.32814E+12,18.81069824,10.99191973,1.41377E+12,80.53902439
2012,GRC,22,147350,37000000,28.68399402,0.677055668,-7.300493935,22242.68193,2.56602E+11,11.37497184,9.24254484,81399960099,80.63414634
2012,GTM,1,42300,2000000,24.8686939,2.507795392,2.969857427,3278.626346,56054639492,14.68703536,6.32933891,18197162805,71.24939024
2012,GNB,1,6450,215165420.2,14.33548354,0.665431601,-1.797988509,580.6429369,1107140883,10.39683595,5.96143163,254280383.1,54.5035122
2012,ISL,1,180,50000000,56.97326791,1.679100439,1.217535365,44333.85018,13369433476,15.38332209,8.68327575,7251645264,82.91707317
2012,IND,591,2728700,4465000000,24.52796101,1.312588121,5.484016537,1446.767109,1.95103E+12,4.48916295,4.389042,5.71307E+11,67.28987805
2012,IDN,39,676500,218000000,24.59437879,2.309780327,6.030050653,3700.523525,9.21488E+11,6.09337672,2.89787034,2.29362E+11,68.51956098
2012,IRN,5,563000,46000000,22.36089636,0.793879431,-6.608687255,7710.513314,5.77644E+11,17.53158028,6.9838344,1.2174E+11,74.79934146
2012,IRQ,1423,802400,476000000,44.50843536,1.559625972,13.93643017,6614.584821,1.84411E+11,6.46038337,5.26411877,63438830315,68.94973171
2012,IRL,29,9350,1000000,106.775606,18.13913301,-1.10288038,49231.36162,1.87086E+11,13.44324909,8.32055052,2.02386E+11,80.84634146
2012,ISR,66,184500,120000000,36.1490013,3.286578553,2.381800262,32569.59683,2.57019E+11,11.76268565,7.73373175,92511735263,81.70487805
2012,ITA,10,359500,219000000,28.58636715,0.001679455,-2.819019127,34814.12436,2.05235E+12,13.77259868,9.28206804,5.72068E+11,82.23902439
2012,CIV,15,25000,6000000,48.47613246,1.221403625,10.7065041,1281.382865,25919954102,8.52093645,6.14322312,11987610452,50.86334146
2012,JOR,2,115500,176000000,46.24668328,4.89130823,2.651203349,4423.117355,39605305775,17.46491791,8.00466753,22975492958,73.74641463
2012,KAZ,4,70500,94000000,44.10966304,6.561648211,4.8,12387.18982,1.77848E+11,10.90237004,4.3153085,61596840640,69.61
2012,KEN,80,29100,61000000,19.81682883,0.324161235,4.554942796,1184.923256,58268322576,13.35301606,5.49053237,17847854479,60.27278049
2012,LAO,1,129100,19000000,38.85339188,3.146292306,8.026283279,1445.416201,10551304953,3.44296158,2.11887109,4830274612,65.2485122
2012,LBN,15,80000,31000000,56.48890897,7.310703576,2.2,8773.931956,52092625085,10.72474485,6.9909271,33293616498,78.90846341
2012,LBR,1,2050,215165420.2,43.3880726,37.25727456,7.99445127,414.1851554,2930500000,11.57961378,10.18650065,1948000000,60.20436585
2012,LBY,58,7000,73000000,54.82944514,4.803079307,-62.07591958,5517.779569,31216304525,7.9391271,4.29879351,32541808671,71.64956098
2012,MKD,1,8000,1000000,45.37446727,3.467445259,-0.456184412,4709.511628,11837177884,13.30669833,6.76264338,6513782541,75.03126829
2012,MDG,1,21600,215165420.2,29.00995501,8.170575686,3.027508088,444.9584938,11403463017,13.51079454,3.45623205,4361406682,64.24665854
2012,MYS,2,133600,47000000,79.29989261,2.829059379,5.474385463,10834.65908,2.80615E+11,5.70728098,4.01140506,2.15525E+11,74.42331707
2012,MLI,12,7800,9000000,27.85634001,3.197567293,-0.836178866,772.2499217,12866786112,12.41679295,6.46533952,3890132375,57.095
2012,MEX,16,329750,259000000,32.64495601,1.773516145,4.018173869,9720.561674,1.19987E+12,11.46749923,6.21482997,4.00635E+11,76.35409756
2012,MDA,1,7750,215165420.2,43.48291631,3.879096198,-0.700000153,2046.536787,10231992420,13.76541115,11.87332928,6114900012,70.7724878
2012,MOZ,1,11200,10500000,32.37613301,36.91446508,7.198185826,593.2193071,22299129482,8.8123221,5.57950644,11976163793,54.21212195
2012,MMR,17,513250,398000000,11.49836108,2.23310075,7.332670447,1136.786368,59365504045,3.28063395,2.21823163,6502481977,65.42778049
2012,NPL,46,157750,7333333.333,10.07389298,0.478983556,4.781192258,698.4098897,23722191553,11.81849299,5.8926379,6450415421,68.82331707
2012,NER,1,10700,8333333.333,21.85891404,12.25863127,11.81366328,393.643423,8157283780,7.5986349,6.10930646,2732565813,60.07253659
2012,NGA,591,162000,7000000,31.43874755,1.546823791,4.279277314,2716.715928,3.72517E+11,7.43004153,3.2990842,59150091916,52.105
2012,PAK,1625,947800,1052000000,12.39666276,0.382826517,3.50703342,1264.900909,2.42362E+11,4.72960635,2.75972728,45794092923,65.71687805
2012,PRY,4,25450,7000000,49.92148468,3.030657918,-1.238968506,3855.572185,24296592422,11.46093629,10.33407449,11979621541,72.654
2012,PER,6,192000,10000000,27.44961437,6.187728883,6.139724706,6386.374449,1.88215E+11,13.87253141,5.17591754,48479266166,74.05765854
2012,PHL,243,165500,16000000,30.81904716,1.285692446,6.683810237,2604.655997,2.58248E+11,8.24017013,4.45815444,85232376956,68.00707317
2012,RUS,150,1364000,103000000,27.38033591,2.33106968,3.517941865,15154.45687,2.023E+12,10.17920405,6.87955814,4.47048E+11,70.07219512
2012,RWA,6,35000,5000000,12.87485908,2.213607958,8.788351534,667.4145823,8548008929,10.436219,7.67761838,2257872479,62.79936585
2012,SAU,6,249000,1025000000,54.42013942,1.659823989,5.38446595,24883.18971,5.49742E+11,7.74907372,3.86342862,2.15206E+11,74.01602439
2012,SEN,11,18600,12000000,27.95058619,1.945701742,4.411180283,1030.04451,17178967144,7.47616648,4.31118548,6952183577,65.31887805
2012,SRB,3,28150,215165420.2,36.92831816,3.132125983,-1.015270388,5659.380204,47533372057,13.11907456,9.89106186,21836509486,74.83658537
2012,SOM,266,20000,2000000,14.51882427,8.242563606,2.698211474,535.8003865,8308000000,11.43366583,6.742246179,3485666667,54.6902439
2012,ZAF,4,62100,132000000,29.72280015,1.16718037,2.213258978,7548.43975,4.02097E+11,14.44375656,8.79451471,1.23558E+11,56.09831707
2012,SSD,4,210000,2000000,10.12161632,1.552733098,-46.08212237,944.2828116,14012203390,4,2.7738404,4692881356,54.727
2012,ESP,1,215600,238000000,30.70166327,1.864982892,-2.929811429,28562.29324,1.31632E+12,14.0886363,9.38884953,3.90534E+11,82.42682927
2012,LKA,4,223100,15333333.33,19.81648474,1.375209842,9.144579388,3350.521375,76550115436,6.19125034,3.20966147,21677008606,74.5312439
2012,SDN,34,264300,95000000,9.219191684,3.392938459,0.521559267,1806.450797,72405703918,11.64949118,8.20038881,10560705290,62.83219512
2012,SWE,2,16100,206000000,46.3231383,0.785748042,-0.286320615,57134.07707,5.1706E+11,19.16155869,11.80240408,2.25122E+11,81.70487805
2012,SYR,173,178000,371000000,39.14798129,4.803079307,2.698211474,13896.0611,5.7866E+11,4.79576059,3.2546046,1.56643E+11,70.78590244
2012,TJK,5,16300,3000000,21.5400245,3.135673899,7.499999169,962.4408177,11262177259,7.48547553,6.39187459,5273288262,69.16697561
2012,THA,279,453550,285000000,69.30323088,3.246750212,7.230959189,5915.221147,3.93949E+11,13.66849167,4.169548908,2.71993E+11,74.07190244
2012,TUN,1,47800,24500000,49.39598746,3.450543963,3.997666199,4139.53811,49193994494,14.16313675,7.17870481,26399833536,74.66221951
2012,TUR,177,612800,1503000000,26.29611119,1.683942724,2.127460709,10539.36545,8.29589E+11,10.76843789,5.2363833,2.48166E+11,74.63680488
2012,UGA,4,46800,219000000,19.89502016,5.127961081,3.834286742,664.0051546,26491409378,14.33571504,7.58352882,7661777289,57.10019512
2012,UKR,8,214850,9500000,35.41546087,4.650663252,0.238681306,3855.42128,2.1262E+11,11.76675505,7.46947303,99091978476,70.94414634
2012,GBR,51,169150,578000000,29.79867992,1.766845925,1.313018598,41538.30726,2.70498E+12,16.21255508,9.41083326,8.47449E+11,80.90487805
2012,USA,17,1492200,1196000000,13.6066085,1.50422262,2.224030854,51433.04709,1.67209E+13,20.07766335,17.01736133,2.76384E+12,78.74146341
2012,VEN,1,115000,680000000,26.17101425,1.307678984,5.625956975,12771.59504,3.73895E+11,5.90592072,4.80160508,92395390157,73.92573171
2012,YEM,306,137900,38000000,24.86371401,-0.040222174,2.392990209,1422.723779,39520005560,3.93250762,5.73349373,12920753594,63.32729268
2013,AFG,1415,330650,235000000,6.307895041,0.197860045,1.959122893,653.3474881,28756442476,10.591285,8.13486556,9974609899,60.02826829
2013,ALB,1,8500,7000000,35.44905893,9.80972069,1.109999993,4412.345578,15085640093,9.76242119,5.65513948,6835365179,77.64046341
2013,DZA,21,317200,302000000,33.21501693,0.806725693,2.767638866,5492.115804,2.03831E+11,9.94780509,7.12438268,63767462894,74.56895122
2013,ARG,2,105650,12000000,14.61717339,1.779205536,2.405323787,12977.13092,5.52575E+11,7.72304601,4.98687258,81240190817,75.98609756
2013,ARM,1,49100,16000000,28.3591265,3.111931481,3.300000002,3716.828923,13327735784,7.27372925,4.55022679,5360220562,74.56136585
2013,AUS,1,56750,244000000,19.82939983,3.452620993,2.440049062,67652.68321,1.58319E+12,17.31142544,9.36373848,3.29365E+11,82.14878049
2013,AUT,1,22500,6000000,53.1923388,0.105387999,0.124223545,50504.71532,4.17192E+11,16.33091808,11.1377909,2.16739E+11,81.13658537
2013,BHS,1,1300,26000000,43.75170375,4.48547421,0.010307048,22554.45412,9587442600,13.44797791,7.04554853,4793964200,75.07353659
2013,BHR,52,19460,72000000,74.45792054,3.038865272,5.41683981,24113.52484,23528005319,10.57740809,4.68637938,15216755319,76.54595122
2013,BGD,139,220950,662000000,19.53787411,1.73541854,6.013596067,954.3963997,1.60821E+11,5.54641825,2.88285726,40135237754,71.2452439
2013,BLZ,1,1050,215165420.2,65.185742,5.673891986,1.313559322,4723.594355,1655312751,13.41928526,5.79061965,1089292758,69.98204878
2013,BIH,1,10500,215165420.2,33.62137539,1.72573537,2.394191979,4748.040692,21894746453,14.10585357,9.46431161,9844178264,76.27692683
2013,BRA,3,713480,223000000,11.63020088,2.79768802,3.004865359,12106.21004,2.52972E+12,7.05216777,8.48312451,3.44504E+11,74.12243902
2013,BGR,3,47300,12333333.33,64.65252951,3.567225222,0.862092738,7674.860559,55987234663,10.95201537,7.93021922,36277928882,74.86097561
2013,BFA,1,11450,8000000,26.19375313,4.109249913,5.708753995,698.3350349,13714554836,12.72407194,5.91240213,4908921489,58.24063415
2013,BDI,2,51050,3000000,7.395821132,4.300125041,4.594054218,259.3652082,3443337674,14.01828211,8.03161378,929592021.3,56.25160976
2013,KHM,2,191300,67000000,61.49292402,8.705996295,7.480003653,1024.60887,16252239229,6.81614184,5.93281822,10303038305,67.77204878
2013,CMR,3,23200,133000000,20.65738013,1.850846649,5.561688129,1331.200021,32007418428,4.62177535,4.29309731,8547785604,55.04180488
2013,CAN,4,65700,194000000,30.16333848,3.638694101,2.475001859,52413.72116,1.87297E+12,18.57342332,10.66516682,5.86141E+11,81.76504878
2013,CAF,19,8150,7000000,14.45148971,0.12200942,-36.69995244,322.3665933,1678826190,15.51645354,3.82208893,379716267.5,49.87987805
2013,CHL,4,106100,54000000,32.29558173,6.988072414,3.976596199,15764.75545,2.79237E+11,15.31763039,7.5312947,91642329744,81.19792683
2013,CHN,10,2993000,1390000000,24.50498208,3.028225676,7.757635146,7077.770594,9.37235E+12,10.28492085,5.38570406,2.11938E+12,75.58514634
2013,COL,144,455750,164000000,17.571925,4.263288797,4.874065579,8030.690861,3.89902E+11,18.14280077,6.8432,76517618155,73.80973171
2013,HRV,2,19550,27000000,43.02970726,1.622460456,-1.063921096,13574.97804,57503341888,13.99284874,7.82827445,24591099741,77.12682927
2013,CYP,9,12750,23500000,58.72051308,-25.04749566,-5.95274791,27907.96736,23615772703,7.58416196,7.45866684,13686006373,79.94978049
2013,CZE,1,24100,15000000,76.87095181,3.513606851,-0.483671041,19916.01939,1.97333E+11,14.90725275,7.48649513,1.489E+11,78.17560976
2013,COD,16,134250,1000000,33.86901982,-1.334885086,8.503503317,413.6957984,32394528220,9.28150182,3.88677527,12545437686,58.27192683
2013,DNK,1,17200,42000000,54.82881332,-0.250948231,0.933349282,61191.19263,3.20882E+11,16.77062335,11.24700751,1.65681E+11,80.3
2013,DOM,1,61000,6500000,25.30412233,2.581902166,4.742064192,6026.989889,65790072582,15.53786666,4.11902833,19504068305,73.31990244
2013,ECU,2,58983,11000000,28.6382883,0.76402482,4.946511267,6074.181971,97345780000,8.76083351,7.28688971,29459627000,75.6485122
2013,EGY,307,835500,675000000,17.17105977,1.465746638,2.106724617,3264.450063,3.043E+11,5.54561079,5.46252124,67399869699,70.92578049
2013,ETH,5,138000,153000000,12.48407356,2.000075086,10.58227004,503.9026066,55511900347,15.94214416,5.19220468,13812126942,63.44219512
2013,FRA,12,318400,107000000,28.60807392,1.124768867,0.576241547,42571.19799,2.86139E+12,15.62424977,11.56028303,8.56336E+11,82.2195122
2013,GEO,2,32350,5000000,44.68923219,5.92515924,3.387043726,4274.376873,18230530179,4.22120686,7.2473647,9303346219,74.51390244
2013,GRC,53,148950,52000000,30.35342851,1.227963495,-3.241425025,21874.8195,2.46608E+11,9.98286342,9.25694494,79551948571,81.28536585
2013,GTM,6,42300,17500000,23.71969259,2.512748158,3.697585578,3432.017458,59833367887,16.85986748,6.29628068,18755601946,71.48639024
2013,GIN,2,12300,3333333.333,28.45685617,2.171629677,2.299999238,521.5389059,7861343482,9.49268407,5.49316028,3402971156,58.2164878
2013,HND,2,20000,20000000,47.94149032,5.818741352,2.791559757,2340.684866,22124335232,14.58942374,9.15018328,12560055454,72.94285366
2013,IND,678,2749700,5170000000,25.42381238,1.515855844,6.540301949,1451.534466,1.91261E+12,4.65673641,4.52911807,5.27555E+11,67.66041463
2013,IDN,32,676500,802000000,23.92357638,2.551356334,5.557263689,3631.672694,9.19735E+11,6.02900479,2.92591721,2.25519E+11,68.70460976
2013,IRN,11,563000,31000000,27.47387386,0.596133807,-1.911575057,6631.29827,4.72301E+11,17.53158028,6.49275923,1.01242E+11,75.12597561
2013,IRQ,2809,177600,353000000,39.67638889,2.186846637,6.572160298,6879.69779,1.90048E+11,6.46038337,5.9199233,48500000000,69.1834878
2013,IRL,26,9350,21500000,106.0894353,20.88013208,1.098839764,52034.76822,1.94302E+11,13.44324909,8.00927632,2.08872E+11,81
2013,ISR,37,184500,153000000,33.38661752,4.243938914,4.376328279,36393.66932,2.86694E+11,11.76268565,7.89399062,91307466489,82.05609756
2013,ITA,7,359500,91000000,28.86258985,0.91671695,-1.728157335,35370.27441,2.08237E+12,13.65742359,9.21721878,5.66796E+11,82.6902439
2013,CIV,4,25000,6000000,41.53105069,1.303332394,8.889421302,1445.910582,30346498259,8.20381845,5.80954361,12066656546,51.20846341
2013,JOR,1,115500,75000000,42.35182427,5.374908267,2.829210769,4656.219807,43538350704,13.69326129,7.23316979,24172112676,73.9
2013,KAZ,4,70500,141000000,38.61703772,4.23069801,6,13890.85601,2.08649E+11,10.90237004,4.29914863,63395749140,70.45
2013,KEN,78,29100,1000000,18.14904796,0.67484833,5.693530352,1261.092863,63356052804,13.05253545,5.56790477,18255539467,60.95378049
2013,LBN,117,80000,24000000,56.86896609,6.089241135,0.9,8388.973293,50691675063,10.72474485,6.63325169,31562018652,79.13370732
2013,LBY,285,7000,120000000,54.82944514,4.803079307,-62.07591958,5517.779569,31216304525,4.9278207,4.33485587,42464181804,71.65768293
2013,MDG,2,21600,215165420.2,29.24286682,5.343916897,2.255204043,462.4600105,12095886582,17.22073677,4.14767794,4594434053,64.67390244
2013,MYS,13,133600,71000000,75.6290171,3.494304956,4.692919186,10971.41558,2.95679E+11,5.87616872,4.01811554,2.16893E+11,74.5675122
2013,MDV,3,192336.934,5000000,104.8036534,12.90866683,4.699793673,7112.33575,2270471864,22.87089278,11.16425478,2404741083,76.60260976
2013,MLI,57,11800,6000000,26.20015104,2.402617759,2.303584809,772.2501095,13777735406,4.74362147,6.5777895,4321577200,57.53519512
2013,MEX,8,325450,63000000,31.78192241,3.765044839,1.360077144,10198.6473,1.2731E+12,11.58149111,6.29528345,4.12197E+11,76.53265854
2013,MNE,2,12180,215165420.2,41.34234771,10.00090579,3.5490131,7186.813592,5361247278,9.84266145,6.42538419,2742477030,75.97019512
2013,MOZ,18,11200,9000000,30.36930905,41.80963586,7.1416833,605.2344447,24610930953,8.8123221,5.89790701,13456895719,54.6415122
2013,MMR,17,513250,251000000,19.63509832,3.749371259,8.426001025,1134.928443,59718275988,3.28063395,2.15820037,11392566560,65.65409756
2013,NPL,101,157750,7333333.333,10.68907517,0.382833577,4.128877676,696.732684,24584774968,11.64034241,5.6862681,7264224126,69.222
2013,NER,4,10700,13000000,22.63550033,9.378436705,5.268378734,417.6703093,8928965266,7.56875312,5.0897826,2996692575,60.82814634
2013,NGA,318,162000,35000000,18.04990659,1.093553893,5.394416311,2943.565834,4.83003E+11,6.47716083,3.70392576,66125259152,52.44214634
2013,PAK,2157,947800,1162000000,13.27715343,0.576510795,4.396456633,1276.092448,2.46894E+11,4.72960635,2.70392397,46374225335,65.96368293
2013,PRY,10,25450,7500000,49.56396402,0.255472757,14.03627767,4479.955052,27592855446,12.79713645,10.49411979,12983600420,72.79917073
2013,PER,10,192000,49000000,24.80309747,4.622290627,5.852518211,6580.979053,2.01494E+11,14.38154723,5.23182008,50234571555,74.28385366
2013,PHL,626,165500,78000000,28.01767683,1.374862063,7.064032939,2786.014701,2.8328E+11,8.90130645,4.55778632,87606292582,68.13156098
2013,COG,1,12000,12000000,76.53245476,20.68695645,3.440705249,3205.457783,12612404838,8.70635969,5.09464112,9306801119,61.66639024
2013,RUS,143,1260000,141000000,26.62654328,3.103116385,1.279453911,15543.67653,2.10535E+12,9.84316714,7.09185941,4.68663E+11,70.57878049
2013,RWA,4,35000,15000000,14.43256579,3.425182237,4.684512428,678.9981669,8766910596,10.06544713,7.6883653,2330522891,63.39482927
2013,SAU,6,251500,1607000000,52.07918721,1.190953616,2.669911395,24646.02087,5.86593E+11,8.21100108,4.24536506,2.29901E+11,74.17763415
2013,SEN,3,18600,6000000,28.42238183,2.102310945,3.485217347,1041.167179,17897191027,7.94603712,4.51055336,7299064489,65.8787561
2013,SOM,270,11000,3000000,14.55530643,8.333333333,2.698211474,521.2230393,7895000000,11.43366583,6.742246179,3322000000,55.02302439
2013,ZAF,12,77150,2000000,30.79864407,2.239570749,2.330342259,6895.14386,3.76364E+11,14.22805093,8.77541891,1.21984E+11,56.73658537
2013,SSD,12,185000,9000000,16.19533598,-5.981458672,13.12973114,1157.486958,16166110271,4,2.61923747,5055593220,55.22090244
2013,ESP,5,213950,176000000,32.2193882,3.839669344,-1.705894868,29210.09342,1.31744E+12,14.50363504,9.09572402,3.94421E+11,83.07804878
2013,LKA,14,223100,20000000,20.32039824,1.254815445,3.395709596,3610.289374,80721768976,11.5166652,3.67699093,21505636520,74.65382927
2013,SDN,44,264300,130000000,8.840551768,2.34213857,4.394711132,1871.108979,76424058989,11.64949118,8.42182058,10729145644,63.16704878
2013,CHE,2,21250,6000000,72.30603116,-3.639776677,1.78057952,84658.88768,6.01877E+11,22.56319371,11.70740988,4.12219E+11,82.79756098
2013,SYR,263,178000,361000000,39.14798129,4.803079307,2.698211474,13896.0611,5.7866E+11,4.79576059,3.25453108,1.56643E+11,70.30153659
2013,TZA,7,28400,88000000,17.65122642,4.708095165,7.26306003,909.3301412,50282209431,13.44040464,5.56967822,13774151929,64.29182927
2013,THA,471,453550,378000000,67.66976207,3.795282744,2.70211729,6225.052283,4.09029E+11,12.78099323,4.004047293,2.73278E+11,74.24692683
2013,TTO,3,4050,23333333.33,52.03684972,7.543885979,2.653918424,19607.94918,22267187223,8.05044948,5.98343264,9587542623,70.30529268
2013,TUN,29,47800,38000000,47.73989573,2.288638813,2.995657048,4202.870299,50564534991,14.16313675,7.26466474,26391333785,74.7297561
2013,TUR,38,612800,767000000,25.6357821,1.504269675,4.192509347,10800.54235,8.77124E+11,10.50384823,5.384456,2.64915E+11,74.90070732
2013,UKR,5,121500,9500000,42.95671984,2.459765643,-0.026729649,4029.715504,2.00241E+11,12.02294856,7.66658213,95674965595,71.1595122
2013,ARE,1,63000,2241000000,101.022333,2.442364101,4.728897293,42986.66461,2.89014E+11,8.69685925,3.48564353,2.92987E+11,77.19563415
2013,GBR,137,159150,494000000,29.75701369,2.003051504,1.911078411,42407.37101,2.78085E+12,16.52383126,9.33908653,8.70587E+11,81.00487805
2013,USA,19,1433150,787000000,13.63931151,1.659393811,1.67733153,52749.91124,1.71835E+13,20.78009202,16.89772211,2.76861E+12,78.74146341
2013,YEM,389,137900,23000000,22.3591263,-0.33049641,4.823519067,1582.849252,43564802983,3.93250762,5.77556499,12186062637,63.5835122
2013,ZWE,3,50800,215165420.2,29.4434302,2.765335211,4.484095146,905.5003218,17523552000,9.59359172,6.88119338,8005310500,55.633
2014,AFG,1767,308800,288000000,6.634452475,0.243169793,1.312530908,633.9478643,27990999145,11.99862788,8.18227382,9271029582,60.37446341
2014,ALB,2,8500,7000000,28.23090803,8.694376958,1.799999998,4568.568827,15730822581,9.36900452,5.88310543,6243050923,77.83046341
2014,DZA,12,317200,438000000,30.46299675,0.702603639,3.789121212,5496.000209,2.1706E+11,9.90462275,7.20717804,68262397502,74.80809756
2014,AUS,8,56750,927000000,20.90405143,3.160759789,2.499851222,62004.79319,1.46186E+12,17.31142544,9.42230024,3.11266E+11,82.3
2014,AZE,3,81950,601000000,43.28747427,5.891732964,2,7886.459144,62364911386,3.88256056,6.0368632,19718220069,70.76321951
2014,BHR,40,19460,1000000,72.14799049,2.868458743,4.350483603,24514.99913,24235319149,10.46992799,4.98079638,14936170213,76.68326829
2014,BGD,130,220950,201000000,18.98966,1.468712877,6.061093054,1086.800087,1.84183E+11,5.65505405,2.81899856,44128009984,71.62590244
2014,BEL,2,37600,103000000,83.20205586,-3.630169615,1.653110541,47346.75738,5.26888E+11,15.09731075,10.5947509,4.37563E+11,81.28780488
2014,BTN,0,192336.934,1000000,36.28463735,0.42688934,5.745455168,2560.522132,2371217034,8.03238717,3.57301481,1123147822,69.4712439
2014,BIH,3,10500,215165420.2,33.9036159,2.823440815,1.08187567,4852.318649,22783691995,14.10585357,9.57201597,10540005427,76.4332439
2014,BRA,3,729500,228000000,11.01196203,3.945246299,0.503961791,11917.79043,2.52136E+12,6.78191967,8.32283359,3.35819E+11,74.40187805
2014,BGR,1,47300,12333333.33,65.01240687,3.644397805,1.328849722,7853.335191,57267043142,10.95201537,8.44291326,37417879528,74.46585366
2014,BDI,5,51050,3000000,7.76818252,2.642421428,4.660918184,286.0023359,3890899831,13.18522664,7.53556539,1037572768,56.69202439
2014,CMR,63,23200,130000000,21.7353589,2.261686699,5.926964959,1407.403413,35068626559,4.26453239,4.10367158,9984169170,55.4927561
2014,CAN,3,70200,316000000,31.58058753,3.583791384,2.565299274,50440.43376,1.81121E+12,18.76736586,10.449582,5.84533E+11,81.95660976
2014,CAF,86,8150,7000000,13.03009243,0.204064252,1.040018047,354.4519011,2120661488,14.16568905,4.20022213,639651854.2,50.65778049
2014,TCD,1,39850,58000000,34.16136289,-4.852284264,6.899985045,1024.668354,15078296443,8.96652448,3.6211644,5912094411,51.55580488
2014,CHL,17,109450,141000000,33.4170175,8.635222254,1.876395397,14566.14905,2.5643E+11,15.88420857,7.78585767,84157897273,81.49619512
2014,CHN,36,2993000,1151000000,24.0800168,2.557600497,7.297665959,7683.502038,1.02195E+13,10.43262803,5.54822768,2.26125E+12,75.78226829
2014,COL,227,455750,190000000,15.9633059,4.271261374,4.385710901,7918.0789,3.98809E+11,18.14111324,7.20129855,80801046668,73.99314634
2014,CYP,5,12750,23500000,62.19247014,-3.2364322,-1.531451634,27340.88382,22829640440,7.58416196,7.36761162,14017380921,80.13156098
2014,CZE,5,24800,36000000,82.54569243,3.892179242,2.715116132,19744.55861,1.94592E+11,14.90725275,7.41091154,1.58319E+11,78.82439024
2014,COD,80,134250,4000000,36.37369489,-1.048130469,8.969479483,437.8149312,35178103378,11.05626274,4.32823361,14319948778,58.65919512
2014,DJI,1,12950,14000000,39.14798129,9.634658835,6.000194324,1812.425386,5.7866E+11,14.13973888,10.56825612,1.56643E+11,62.0155122
2014,DOM,1,71050,6500000,25.59871274,3.656695158,7.608964836,6268.632483,68579919471,17.36030647,4.37577756,20047191744,73.50002439
2014,EGY,345,835500,360000000,14.43455921,1.586473134,2.228791014,3365.707421,3.27261E+11,5.58768476,5.64211505,69282077028,71.12170732
2014,ETH,1,138000,33000000,11.64161991,3.833689222,10.27918702,573.5659603,65320924465,15.74970497,4.88431325,16182860468,64.03502439
2014,FRA,14,312350,17000000,28.9471692,-0.036921966,0.636621653,42843.01322,2.89558E+12,15.68728706,11.53951975,8.78275E+11,82.67073171
2014,GEO,2,32350,1000000,42.9436172,10.59799795,4.623331907,4429.650075,19402814465,5.00484907,7.4166592,9983201733,74.66863415
2014,DEU,13,178600,114000000,45.65201629,0.243467402,1.595338098,47902.65288,3.62623E+12,19.64679604,11.29700067,1.51792E+12,81.0902439
2014,GHA,1,15500,14000000,39.52355867,8.70971294,3.985865624,1441.636453,42248148888,6.81968861,3.55729189,18894242070,61.31163415
2014,GRC,26,146950,199000000,32.50380497,1.142324192,0.352849233,21673.78107,2.41829E+11,9.98286342,8.08426702,82484187484,81.43658537
2014,HND,1,18700,13000000,46.86933991,6.676995228,3.085214961,2434.280046,23038253188,15.40435806,8.72268046,12741021868,73.13570732
2014,HUN,1,38500,7000000,88.65527404,9.043195351,4.04732118,14117.97668,1.29625E+11,10.1389949,7.40078093,1.13822E+11,75.76341463
2014,ISL,1,200,50000000,53.25572689,4.463336157,1.9265264,52475.1278,16105580538,15.72585167,8.85916593,8075091023,82.86097561
2014,IND,823,2749700,3199000000,23.03039091,1.700324232,7.179433483,1569.941828,2.09444E+12,5.04773107,4.68508833,5.2924E+11,68.01380488
2014,IDN,33,676500,1124000000,23.63391577,2.821010296,5.023889052,3499.588735,8.97517E+11,5.73006505,2.84686016,2.17487E+11,68.8884878
2014,IRN,9,563000,13000000,24.16879394,0.495030556,4.343343402,5442.874771,4.02892E+11,17.53158028,6.8949223,80361999599,75.38931707
2014,IRQ,3756,209000,632000000,42.40794901,2.090580727,0.060108872,6484.529337,1.79631E+11,6.46038337,5.53887318,47900000000,69.39968293
2014,IRL,33,9100,40000000,113.7867376,33.85693114,8.462366745,55503.32726,2.10356E+11,13.44324909,7.78319657,2.45687E+11,81.34878049
2014,ISR,293,184500,510000000,32.21319652,2.182211133,3.163047034,37582.84624,3.0314E+11,11.56967868,7.80830808,93835210598,82.15365854
2014,ITA,7,356850,145000000,29.3321353,0.792068582,0.091894998,35365.10412,2.08839E+12,13.65207191,9.24791783,5.69165E+11,83.0902439
2014,CIV,1,25000,6000000,41.32847044,1.282297225,8.486345568,1544.321337,32502038067,7.34924624,5.71627357,12425994139,51.55958537
2014,JAM,1,3450,1500000,31.25835512,4.188855399,0.694621084,4993.193756,16987600791,8.0754906,5.36152479,7434188643,75.6535122
2014,JPN,5,259800,313000000,17.54637939,0.37967002,0.335664786,38139.42236,4.9683E+12,20.28215968,10.22874408,9.70348E+11,83.58780488
2014,JOR,3,115500,196000000,43.33313351,5.608363492,3.096330275,4830.976915,45287066620,13.6752807,7.45299586,24985070423,74.05214634
2014,KEN,109,29100,17000000,16.92444637,1.538107198,5.331859404,1368.491132,72002099583,12.80118836,5.72029126,20997518260,61.57636585
2014,KGZ,2,20400,4000000,37.44865159,4.725390156,4.024038629,1279.769783,11219237672,11.91937948,6.48376219,6547842569,70.40243902
2014,LBN,192,80000,6000000,57.49871515,6.354783415,1.8,8148.639167,51153274814,10.72474485,6.39370883,31717035500,79.37309756
2014,LBR,1,2050,215165420.2,24.98758073,35.77127368,0.701141636,457.8585865,3421000000,11.86425744,10.03633328,1911000000,60.83441463
2014,LBY,649,7000,17000000,54.82944514,4.803079307,-62.07591958,5517.779569,31216304525,4.9278207,4.96893503,41375353662,71.71612195
2014,MKD,3,8000,1000000,47.84503154,0.537857525,3.540834355,5453.281275,13275010853,12.88853695,6.47637457,7371607213,75.34239024
2014,MDG,1,21600,215165420.2,31.90790981,3.285258013,3.315854155,452.8103949,11831993170,10.18389375,3.04135502,4564172572,65.08560976
2014,MYS,11,133600,73000000,73.79205507,3.141202553,6.01216652,11305.9001,3.06714E+11,6.44961324,4.16907804,2.18113E+11,74.71829268
2014,MDV,8,192336.934,5000000,107.6837006,10.77420509,5.997326423,7716.204015,2523210196,26.59159495,13.73352009,2760959091,76.77282927
2014,MLI,65,13800,7500000,23.1152469,1.028436991,7.043356204,819.6212972,15250995239,5.64283619,6.86216649,4484002505,57.98626829
2014,MLT,1,2130,12000000,147.3192551,-2.857009338,3.460979157,25125.09562,9892530184,15.63718885,9.74992027,14973464243,81.94634146
2014,MEX,5,336050,98000000,32.30931451,2.111390782,2.245308567,10353.44798,1.31195E+12,11.58149111,6.29642103,4.33203E+11,76.72185366
2014,MOZ,22,11200,12000000,33.35927604,29.47209416,7.443837429,623.1979366,25679833888,8.8123221,6.97558186,14376816032,55.02595122
2014,MMR,8,513250,101000000,20.09033989,3.316849948,7.991243344,1227.137217,66937456216,3.59309128,2.27575459,14536915096,65.85785366
2014,NPL,7,157750,5000000,11.50508764,0.153459045,5.988984661,703.1825707,25605990939,11.17908234,5.797226,8073401157,69.60468293
2014,NLD,1,41900,11000000,82.56536874,11.52678064,1.419690296,52157.40687,7.84263E+11,20.86258153,10.89729305,6.30902E+11,81.70731707
2014,NZL,1,8500,79000000,27.97065407,1.646667319,3.5761758,44380.42658,1.98729E+11,23.35596618,11.0296101,54567551312,81.40487805
2014,NIC,2,12000,13000000,42.38646784,7.498586696,4.565212146,1960.490908,13867943025,23.95122847,9.04013941,7075179822,74.81014634
2014,NER,5,10700,3000000,20.98005056,9.967752586,7.049797948,431.3816821,9747760485,7.56875312,5.82129922,3232319003,61.4584878
2014,NGA,634,162000,225000000,18.43512599,0.851655301,6.309718253,3080.31727,5.13963E+11,8.1729178,3.66879844,68062321507,52.75426829
2014,PAK,2100,925800,797000000,12.24258363,0.764033888,4.674707981,1320.55355,2.60039E+11,4.72960635,2.61391631,45594469822,66.18336585
2014,PRY,14,25450,7500000,45.18906787,1.486407564,4.722333745,4712.870205,30168626195,11.91504137,9.81442131,13242370791,72.92170732
2014,PER,12,158000,153000000,22.57770069,3.92223981,2.354333038,6490.18119,2.04312E+11,15.0005338,5.47303468,48676833134,74.52553659
2014,PHL,580,165500,12000000,28.84456149,2.015057896,6.218425752,2873.088189,2.95015E+11,10.0064667,4.7099852,92339910049,68.26563415
2014,RUS,48,1287000,202000000,27.05302069,1.067583597,0.731458212,14125.9061,1.93144E+12,9.49090422,7.07040825,4.26062E+11,70.74365854
2014,RWA,2,35000,14000000,14.79147359,3.687059353,7.00913242,697.6265013,9224744549,9.85551258,7.53155111,2482908191,63.96565854
2014,SAU,14,251500,2731000000,47.03189288,1.062808358,3.638699049,24406.47646,6.54673E+11,8.21100108,4.68408481,2.55383E+11,74.33721951
2014,SEN,2,18600,7000000,28.1122585,2.633764346,4.311051021,1041.717461,18215037387,8.03667306,4.66497201,7227241366,66.37258537
2014,SOM,601,17000,2000000,14.50327608,7.685496724,2.698211474,536.9111436,8310000000,11.43366583,6.742246179,3482000000,55.35480488
2014,ZAF,20,82250,50000000,31.1819183,1.648613084,1.628871543,6488.016875,3.57358E+11,14.22850541,8.79698456,1.15597E+11,57.18212195
2014,SSD,34,185000,35000000,20.15123091,0.007798669,3.373648477,1115.093515,15123167119,4,2.73842073,4517586508,55.68221951
2014,ESP,3,200000,127000000,32.66738989,2.600261761,1.378998287,29600.47225,1.34259E+12,14.50363504,9.02988651,4.16194E+11,83.22926829
2014,LKA,16,223100,5000000,20.91250593,1.116682998,4.878603033,3852.742066,86432021825,11.17345856,3.50335011,23142013117,74.79480488
2014,SDN,127,264300,61000000,8.149134518,1.523136574,2.679411813,2087.700544,84748042950,11.64949118,8.42877471,9291097980,63.45853659
2014,SWE,5,30550,43000000,45.03314841,-1.503424384,2.604326565,59180.19898,5.49054E+11,19.03285179,11.92983965,2.33644E+11,82.25365854
2014,SYR,283,280500,15000000,39.14798129,4.803079307,2.698211474,13896.0611,5.7866E+11,4.79576059,3.25453108,1.56643E+11,70.07102439
2014,TJK,1,16300,3000000,9.055173094,3.348815586,6.69925066,1113.366354,12542295569,6.83602457,6.880884,4142350211,69.59797561
2014,TZA,11,28400,26000000,19.41418065,4.242050711,6.965133317,957.9345343,53197273184,12.31454992,5.58011591,14357149892,64.94390244
2014,THA,423,453550,105000000,69.28534018,1.2305736,0.817633102,5969.940116,3.77578E+11,13.28262159,4.122164481,2.53392E+11,74.42202439
2014,TUN,23,47800,46000000,45.56956543,2.152699489,2.86812367,4276.960399,52831183366,14.16313675,7.00385794,26920539554,74.83534146
2014,TUR,80,612800,1556000000,27.88480083,1.5677624,3.020118213,10303.69871,8.32678E+11,10.50117417,5.41495949,2.56635E+11,75.1635122
2014,TKM,1,36500,102000000,73.97709268,9.583389859,10.29999997,8199.009383,22568460228,8.6813085,2.06738625,14168082333,65.59853659
2014,UGA,6,46800,178750000,17.86550549,3.813161327,5.183828963,734.7440153,30483785777,10.96659876,7.22213686,7682583315,58.46641463
2014,UKR,820,204000,1000000,48.59296182,0.634440717,-6.552618891,3104.658296,1.38184E+11,10.79780149,7.09573611,69553702878,71.18658537
2014,ARE,2,63000,737000000,97.34736223,2.689353884,3.079884331,44238.59977,3.16183E+11,8.69167652,3.64398564,3.0552E+11,77.36817073
2014,GBR,103,154700,211000000,28.07460164,2.379731735,3.070483794,46412.11727,3.05844E+12,16.52383126,9.11547172,9.01514E+11,81.30487805
2014,USA,26,1381250,566000000,13.65646486,1.192236946,2.370457671,54539.66558,1.79019E+13,21.29327365,17.14075435,2.88407E+12,78.74146341
2014,VEN,4,265000,171000000,16.69382735,1.245115691,-3.894386475,11930.40635,3.48971E+11,5.80394653,5.2567025,88106223754,74.23619512
2014,YEM,713,20000,6000000,21.48362717,-0.539237346,-0.188690232,1650.974597,46198093917,3.93250762,5.63699019,12256577784,63.81819512
2014,ZWE,1,50800,215165420.2,27.06147058,3.330301571,3.848290307,931.1981847,17808314800,8.48665324,6.43947119,7453295600,57.49831707
2015,AFG,1839,319400,116000000,7.149601181,0.874678514,0.840718528,594.3230812,27581862835,11.10824913,8.177010988,9632686177,60.71717073
2015,ALB,4,8500,7000000,27.18895969,8.696486632,2.800000001,3945.217582,13417641369,9.673186925,5.710520755,5118353251,78.01446341
2015,DZA,16,317200,883000000,23.56447598,-0.244810283,3.763466957,4154.119692,1.86571E+11,9.801570158,6.441900445,60621193744,75.04253659
2015,ARG,1,105450,20000000,11.00846791,2.048649593,2.647271419,13467.41564,5.89621E+11,8.799077553,5.17114489,69277437464,76.33421951
2015,ARM,2,49100,10500000,29.79619597,1.694841176,3,3489.12769,11810069838,7.28898882,4.306518858,4418183192,74.79712195
2015,AUS,7,57800,1529000000,19.79747911,2.885369486,2.240028575,56290.64681,1.35805E+12,17.39623465,9.335692603,2.84024E+11,82.45121951
2015,BHR,18,19460,17000000,75.16587578,-4.699521162,2.862955875,22600.2141,22523570479,9.765577965,4.358760193,14689162234,76.81909756
2015,BGD,463,220950,625000000,17.33667493,1.732763211,6.552633316,1211.701531,2.09539E+11,6.396237308,2.984734473,48280651359,72.00119512
2015,BIH,6,10500,215165420.2,32.94697144,1.81234205,3.034826724,4249.330313,22254524203,14.3365323,9.672025198,10100475135,76.58858537
2015,BRA,5,729500,230000000,12.88922123,4.162362675,-3.769252669,8677.768107,1.82489E+12,7.233532283,8.289257105,2.53714E+11,74.67587805
2015,BGR,2,47300,3000000,64.10718625,3.685801844,3.617442633,6993.47736,50124955792,11.11580779,7.5904519,32107080027,74.46585366
2015,BFA,4,11450,8000000,25.16731788,1.567654644,4.021049409,589.7744141,12288219288,12.10024294,5.342251855,4297434374,58.93129268
2015,BDI,97,41000,1000000,6.053185785,1.600877578,-3.904919353,277.0683092,3830656553,13.71040575,8.08818691,920818634.2,57.10704878
2015,CMR,74,23400,7000000,19.52923256,2.442492799,5.773247581,1217.26067,31420434035,5.19057472,4.174389658,8553900206,55.93439024
2015,CAN,5,67500,413000000,31.57971053,3.522804718,0.941675857,43315.70044,1.58991E+12,18.57749438,10.67881434,5.27476E+11,82.13763415
2015,CAF,45,8150,7000000,12.61192312,0.189420635,4.799886081,323.201674,1931681474,13.00764014,3.844471568,547649421.5,51.41912195
2015,TCD,26,39850,30500000,29.83252711,5.512268595,1.799999521,775.6950905,11703933110,7.379106878,3.30192014,4063538645,51.87331707
2015,CHL,1,109450,144000000,29.98012754,8.495655833,2.305566995,13416.23004,2.41454E+11,15.04805034,7.389919483,72848975266,81.78756098
2015,CHN,15,2843000,1143000000,21.97322516,2.258169812,6.918336423,8069.211938,1.06792E+13,10.45496867,5.306827823,2.04576E+12,75.98634146
2015,COL,133,481100,207000000,14.71463409,4.016784074,3.083285967,6056.147717,3.1989E+11,18.92704212,6.903439425,70788632723,74.18202439
2015,CYP,3,12750,23500000,61.21776699,40.95682557,1.679273729,23075.1127,19494510369,7.551278145,7.450618935,11908727958,80.30709756
2015,CZE,4,25050,36000000,82.9552443,1.338614175,4.535628699,17556.9243,1.73806E+11,14.67318124,7.486602145,1.42247E+11,79.47317073
2015,COD,109,134250,1000000,29.49043932,-1.441011986,6.91618781,456.0527405,37169842041,9.775370938,3.878784113,12323864766,59.02390244
2015,DNK,4,16600,46000000,55.22701341,0.626823348,1.606086132,53014.64416,2.79007E+11,16.36280234,10.97533225,1.44102E+11,81.1
2015,DJI,0,12950,1000000,39.14798129,7.179989837,6.500508308,1945.124293,5.7866E+11,14.13973888,9.341604643,1.56643E+11,62.28565854
2015,ECU,1,40750,27000000,20.67359743,1.058192369,0.157743724,6205.064145,1.03169E+11,8.228007575,7.210626628,23702545000,76.10292683
2015,EGY,577,835500,1404000000,13.2068483,2.081392516,4.2,3614.746766,3.587E+11,5.809337183,5.359476145,71606518099,71.31695122
2015,EST,2,6400,18000000,79.28571852,-2.90307347,1.444213103,17084.51742,21527725408,13.09382762,6.264352673,16875413109,77.13170732
2015,ETH,6,138000,10000000,9.827308784,3.522278445,9.607518001,619.1694065,72320606511,17.30881369,5.598392315,16828592317,64.57804878
2015,FIN,9,24900,288000000,36.84102505,7.326290353,0.268556389,42403.46748,2.33043E+11,12.33531763,9.384082768,86292558501,81.38536585
2015,FRA,36,306350,42000000,30.02763789,1.445685417,1.274180325,36352.48007,2.45215E+12,15.61393404,11.46842061,7.59632E+11,82.67073171
2015,GEO,1,26050,2666666.667,45.04206124,11.24959092,2.774928095,3757.064863,16740317763,4.596160423,8.15426601,9065229586,74.81741463
2015,DEU,50,177300,101000000,46.78118055,1.374396924,1.7207335,41178.4566,3.10888E+12,19.07280796,11.09661513,1.3189E+12,81.0902439
2015,GRC,31,146950,763000000,31.91500255,0.585539942,-0.219147178,18006.97033,1.94571E+11,10.91566226,9.088911678,61906719419,81.58780488
2015,GIN,2,12300,3333333.333,26.80918101,1.268807545,0.099994528,531.3205952,8339437677,8.93210005,5.315074628,3436235738,59.19343902
2015,HUN,1,38500,6000000,90.72670406,-2.156125736,3.148083829,12365.62603,1.1087E+11,10.19851675,7.627186485,99582773218,75.96097561
2015,IND,847,2798800,2858000000,19.95303075,2.106885336,7.933744293,1593.257703,2.13715E+12,4.653782695,4.483599777,4.65096E+11,68.34856098
2015,IDN,28,675500,441000000,21.0919758,2.326659701,4.793921304,3346.487039,8.59812E+11,5.919800643,2.845953003,1.79676E+11,69.07168293
2015,IRN,9,563000,13000000,24.91664264,0.651854092,-0.106807106,6914.792787,4.97722E+11,16.33053295,6.873984605,1.00323E+11,75.59134146
2015,IRQ,2626,209000,1403000000,34.83577545,1.841687642,3.019924564,4943.760388,1.57095E+11,6.06325942,5.01028208,39754541398,69.59026829
2015,IRL,29,9100,43000000,123.9945912,71.7169754,26.27605727,61093.69108,1.93638E+11,13.1194497,8.06459022,2.61711E+11,81.50243902
2015,ISR,58,184500,672000000,30.72474005,3.844220405,2.507836062,35729.37253,2.9038E+11,11.59051663,7.707604125,82958732119,82.05121951
2015,ITA,5,356850,294000000,30.05762678,0.714128382,0.731730561,29993.07605,1.76546E+12,13.81874128,9.25555094,4.9146E+11,83.4902439
2015,CIV,3,25000,6000000,39.49339347,1.354433322,9.163380703,1398.989958,30720008453,8.235901113,6.02239144,11503564705,51.9197561
2015,JPN,10,259800,351000000,17.63587721,-0.000955628,1.219438139,34523.70077,4.39723E+12,20.04135182,10.17944398,7.87152E+11,83.84365854
2015,JOR,4,115500,236000000,37.58818258,3.397859081,2.382686856,4940.045836,46109522958,15.65308625,7.769236873,22694225352,74.20334146
2015,KEN,68,29100,30000000,15.76902012,2.266631539,5.649197078,1376.712829,71810159382,12.57908811,5.502539125,18409367768,62.13373171
2015,KWT,1,22600,359000000,54.37855165,0.24960067,1.846999262,29300.57558,1.03646E+11,5.76990192,2.697756393,51618477900,74.69790244
2015,KGZ,2,20400,4000000,36.15466598,17.33544942,3.469281026,1103.233871,8942530572,12.21351464,6.578927015,4746708531,70.65121951
2015,LAO,2,129100,7000000,36.00914865,8.724534716,7.350386008,1818.441373,14218363217,3.48553057,2.045159498,6303283594,66.53987805
2015,LBN,43,80000,50000000,56.96356427,4.97376145,1.3,8047.645086,50852933001,10.43300123,6.785703398,30589354993,79.62860976
2015,LSO,1,2000,215165420.2,39.14798129,4.970033497,1.611940435,1066.985626,5.7866E+11,13.37580355,11.15600155,1.56643E+11,49.96121951
2015,LBY,483,7000,44000000,54.82944514,4.803079307,-62.07591958,5517.779569,31216304525,6.054109185,4.59314788,31727246377,71.82631707
2015,MKD,4,15600,1000000,48.52530884,2.940745341,3.665280361,4852.657848,11727950923,13.20522786,6.480985978,6536202629,75.49534146
2015,MYS,5,133600,117000000,70.90440692,3.700082229,4.968785216,9768.32686,2.73606E+11,6.097981992,4.021596345,1.87401E+11,74.87517073
2015,MDV,2,192336.934,5000000,91.69471385,8.695752099,2.846643498,8395.785198,3016828963,21.33326789,10.54387161,2731522065,76.979
2015,MLI,112,15800,7500000,22.41046159,1.199851437,5.962581591,724.2562832,13675318653,8.745296055,6.62348183,3785221526,58.45721951
2015,MLT,1,2130,9333333.333,140.5784898,27.88867371,6.154958235,22567.87599,9464677831,15.67264733,9.797940128,13419651769,81.94634146
2015,MEX,19,336050,392000000,35.35557213,2.873253953,2.464955925,9005.024265,1.16801E+12,11.49730408,6.212493345,4.28616E+11,76.92068293
2015,MNE,1,12050,215165420.2,42.7745155,17.55018047,3.151191381,6408.428758,4735016231,9.66016086,6.753538988,2453400898,76.33770732
2015,MAR,1,245800,46000000,34.29424886,3.233728717,4.508487465,2878.201342,1.0843E+11,5.976089215,5.994682063,42334627162,74.28931707
2015,MOZ,6,11200,10500000,31.68098422,26.12503614,6.609723214,529.2425561,20186229107,8.546537355,6.17192422,10070180704,55.3712439
2015,MMR,27,513250,245000000,20.78017186,6.523610224,7.294031845,1161.488158,66204479315,2.986281445,2.130160528,16612149073,66.04207317
2015,NPL,47,158600,14000000,11.67499116,0.244850078,2.725272191,743.3229657,27550737290,12.66363386,6.02632112,8830350548,69.97334146
2015,NLD,2,41310,64000000,82.46333132,13.56674018,1.951710982,44290.86886,6.69407E+11,20.40760308,10.87041815,5.37832E+11,81.70731707
2015,NER,39,10700,9000000,17.17690863,7.349613108,3.605301605,358.958152,8733159805,7.82798878,5.920177155,2817146688,61.96902439
2015,NGA,582,200000,183000000,10.65669501,0.642694681,2.652693623,2671.721164,4.87443E+11,7.375511407,3.589704755,52526089505,53.04887805
2015,PAK,1202,935800,723000000,10.58509397,0.361188124,4.712457804,1434.696665,2.8849E+11,4.72610871,2.77098435,46130517125,66.37697561
2015,PRY,18,25450,7500000,42.67749202,1.163601588,2.962236311,4080.951448,26850143249,12.00272337,10.01654295,11319218123,73.02563415
2015,PER,10,158000,248000000,21.29796673,4.133609737,3.251202425,6027.125855,1.93673E+11,14.10405163,5.201978195,44839145036,74.78073171
2015,PHL,708,165500,153000000,28.18935163,1.995291998,5.905014562,2904.202082,3.11919E+11,8.822460843,4.503963078,1.01908E+11,68.4067561
2015,QAT,1,11800,518000000,56.05586564,0.650430923,3.551015687,73653.39443,1.31622E+11,5.658816313,2.103915563,59271428571,78.76258537
2015,RUS,21,1490000,118000000,28.66724664,0.474307405,-2.828240814,9329.298351,1.25573E+12,9.885245723,6.913408098,2.8142E+11,70.90853659
2015,SAU,97,251500,3347000000,33.74978896,1.260217205,3.485616792,20481.74532,6.78484E+11,7.799373443,4.08964813,2.50506E+11,74.49334146
2015,SEN,1,18600,15000000,29.18622591,2.536456651,6.485194754,899.5798795,15913212803,7.824919025,4.475903175,6275465528,66.80441463
2015,SOM,335,19800,1000000,14.4978903,8.708860759,2.698211474,549.2669766,8719000000,11.43366583,6.742246179,3653000000,55.68558537
2015,ZAF,2,82150,2000000,30.7229534,0.483558679,1.264651378,5718.244732,3.17738E+11,14.36428742,8.745136328,99812131140,57.44090244
2015,KOR,1,634500,275000000,45.90114215,0.365926294,2.611935409,27221.52405,1.28198E+12,12.04394623,7.103787993,5.36567E+11,82.15585366
2015,SSD,44,185000,18000000,9.776991662,-3.072581327,-6.349777952,730.5801009,13324649067,4,2.710499533,5190845385,56.1115122
2015,LKA,11,265200,15333333.33,20.52559996,0.827588233,4.785984567,3926.174396,88429273743,8.833732108,3.417870003,23008989606,74.95319512
2015,SDN,117,264300,116000000,8.182226094,1.787601504,4.906045175,2414.723601,99814652483,11.68701581,8.270106803,10608066667,63.71073171
2015,SWE,36,30550,45000000,45.59012299,1.612749017,4.084960074,50585.25847,4.72166E+11,19.12104486,11.85031151,2.02459E+11,82.55121951
2015,SYR,423,277500,278750000,39.14798129,4.803079307,2.698211474,13896.0611,5.7866E+11,4.79576059,3.249052003,1.56643E+11,70.08931707
2015,TJK,3,16300,3000000,10.50383272,5.426250498,6,925.9118877,10349492009,6.97043657,6.501809728,3320954925,69.76843902
2015,TZA,14,28400,20000000,21.62126362,4.296859373,6.959374422,878.9751055,47783148563,13.8948857,5.64730086,12020304902,65.4874878
2015,THA,277,454550,166000000,69.05905866,2.278402023,2.828335288,5814.769764,3.50447E+11,13.34114073,4.103901649,2.28179E+11,74.60119512
2015,TTO,1,4050,46000000,41.11423656,6.870355696,-0.578521568,17321.88468,24028169270,7.851120305,5.688789423,10155102973,70.55770732
2015,TUN,17,47800,7000000,40.79195624,2.244977219,0.994642523,3822.356006,47741945351,14.28354785,7.15046719,22273552202,74.97597561
2015,TUR,409,512000,458000000,27.96104197,2.377417539,3.97194515,9125.68759,7.38553E+11,10.75676097,5.330639985,2.214E+11,75.42621951
2015,UGA,9,46400,5000000,17.71037625,3.840647324,5.143837727,705.2925695,30572516325,13.6362716,7.84222727,7918800323,59.17907317
2015,UKR,609,256000,18000000,52.76904082,3.365887783,-9.869784362,2114.954716,92422097809,11.5548093,7.304024145,49623753130,71.1895122
2015,GBR,115,152350,397000000,27.63080748,2.042946648,2.194229035,43929.69081,2.9066E+12,16.3638958,9.301022945,8.36052E+11,81.60487805
2015,USA,38,1347300,528000000,12.55395681,2.103683567,2.596148041,56115.71843,1.85586E+13,20.40334911,17.02824225,2.78628E+12,78.74146341
2015,UZB,1,68000,93000000,20.66526968,1.60100283,7.999999997,2132.11124,67739636535,9.750402223,6.074005795,14797400000,68.45307317
2015,VEN,3,265000,162000000,24.39320863,1.245115691,1.812772474,11930.40635,3.48971E+11,6.730413108,5.06001576,88106223754,74.40960976
2015,YEM,570,20000,13000000,10.24093793,-0.040930835,-28.09683489,1406.291651,42354274536,4.023829675,5.546876853,8484661920,64.03139024
