year,country_code,armed,arms_import,exports,foreign_in_invesment,gdp_growth,gdp_per_capita,gross_expenditure,public_health_expenditure,total_health_expenditure,imports,life_expectancy
2012,AFG,338150.0,521000000.0,5.516850325,0.29959210199999997,14.43474129,690.842629,27442067590.0,11.668975999999999,8.51891268,8038495178.0,59.67960976
2012,ALB,14750.0,15000000.0,33.35164262,7.468317556000001,1.4199999980000002,4247.839852,14615604427.0,9.71053128,5.58917285,6404670234.0,77.44397561
2012,ARE,51000.0,1088000000.0,100.6335727,2.364117871,6.792621627999999,41712.39795,278925000000.0,8.69735577,3.44599956,281291000000.0,77.02414634
2012,ARG,104350.0,3000000.0,16.23785946,2.8066718999999996,-1.026420463,12970.1739,535340000000.0,8.741289300000002,5.01904817,78013690408.0,75.8162439
2012,ARM,49100.0,10500000.0,27.56672188,4.676727878,7.2000000029999995,3565.517575,12831674814.0,7.43875474,4.48215825,5139753188.0,74.45209756
2012,AUS,56200.0,876000000.0,21.27942397,3.743171165,3.632720303,67646.10385,1539580000000.0,17.31142544,9.35738514,329269000000.0,82.04634146
2012,AUT,22800.0,8000000.0,53.79680418,1.281043048,0.7457560999999999,48333.57273,396884000000.0,16.29661859,11.16821981,208628000000.0,80.93658537
2012,AZE,81950.0,339000000.0,53.70923234,7.701411612,2.200000188,7393.771876999999,49438136456.0,3.805179,5.36689762,17622072301.0,70.62395122
2012,BDI,51000.0,5000000.0,8.950128922000001,0.02446705,4.01936553,244.19648619999998,3177477490.0,14.05947053,8.20755375,926374220.0,55.78929268
2012,BEL,30700.0,32000000.0,82.30580645,1.342344288,0.137051659,44740.5717,494815000000.0,14.85258063,10.53975001,406718000000.0,80.38536585
2012,BFA,11450.0,4000000.0,25.51852207,2.948965765,6.452674753999999,673.0625112,12466679726.0,11.69373226,5.32688534,4149590597.0,57.87931707
2012,BGD,220950.0,206000000.0,20.16158886,1.18810285,6.521435078,858.9333626,143741000000.0,6.92130549,3.08120807,37272043677.0,70.86026829
2012,BGR,47300.0,5000000.0,60.80181048,3.317271882,0.030943607999999997,7378.025539,55613211564.0,11.5357273,7.10569778,34484200394.0,74.31463415
2012,BHR,19460.0,26000000.0,74.32099321,2.89835267,3.72810843,23057.76758,22615531915.0,9.34712667,4.36591164,14719414894.0,76.40763415
2012,BHS,850.0,26000000.0,44.4489787,6.26466315,3.0866567789999997,22554.51572,9643168400.0,15.13047272,7.43010401,4977420900.0,74.91446341
2012,BIH,10500.0,215165420.22787395,32.20047833,2.27795997,-0.9331875909999999,4494.64064,21281143082.0,14.70695061,9.9397549,9614630141.0,76.12017073
2012,BLR,158000.0,75000000.0,81.34081762,2.300699126,1.7313912230000001,6721.483351000001,60680241236.0,13.21285743,5.00822363,48810119226.0,71.96585366
2012,BLZ,1050.0,215165420.22787395,65.30162192,12.33912198,3.740409207,4674.293447,1550415811.0,12.471524699999998,5.45306037,1004309377.0,69.90514634
2012,BOL,83200.0,12000000.0,47.16597027,3.913547587,5.1223709930000005,2645.291999,24543125904.0,11.33462372,5.556991099999999,10233285094.0,67.44546341
2012,BRA,713480.0,311000000.0,11.70305477,3.513179493,1.921150318,12179.69062,2498700000000.0,6.8625061,8.26089862,322009000000.0,73.83958537
2012,BTN,192336.934,1000000.0,38.72533426,1.336885401,5.071709815,2452.1515879999997,2267091090.0,7.78580725,3.70384573,1149629846.0,68.72290244
2012,CAF,8150.0,7000000.0,11.57194295,3.2064681860000004,4.1127978689999996,472.81821809999997,2404038885.0,10.5066313,3.62284672,472607624.6,49.10529268
2012,CAN,66000.0,205000000.0,30.2136045,2.706688355,1.745472283,52496.69487,1860230000000.0,18.56502884,10.77921223,587121000000.0,81.56243902
2012,CHE,22650.0,11000000.0,67.33849074,6.0060523329999995,1.0481026359999999,83164.38795,595665000000.0,22.00786145,11.58918948,378448000000.0,82.69756098
2012,CHL,106100.0,62000000.0,34.30717321,10.72912999,5.45713061,15253.33083,265758000000.0,14.65070469,7.23794642,91519613967.0,80.89485366
2012,CHN,2993000.0,1703000000.0,25.40819715,2.817739005,7.85626211,6337.882993,8328680000000.0,10.48547293,5.26451547,1943220000000.0,75.39292683
2012,CIV,25000.0,6000000.0,48.47613246,1.221403625,10.7065041,1281.382865,25919954102.0,8.52093645,6.14322312,11987610452.0,50.86334146
2012,CMR,23200.0,90000000.0,18.795153600000003,1.992267244,4.5887387010000005,1222.192142,28540177397.0,5.45882966,4.33911457,7043584954.0,54.5875122
2012,COD,134250.0,10000000.0,33.99501346,-1.531265919,7.157859628,390.7066035,28966806688.0,11.6025168,3.7652661,10839711772.0,57.85407317
2012,COG,12000.0,23000000.0,83.77514629,15.73259992,3.7999958539999996,3191.164299,10471019101.0,8.70635969,3.97634646,8251794948.0,60.92390244
2012,COL,440224.0,207000000.0,18.25876189,4.068437069,4.043943806000001,7885.061292,376234000000.0,18.87406411,6.93347013,74069955861.0,73.63078049
2012,CYP,12750.0,6000000.0,53.50644681,198.30544780000002,-3.1577776739999996,28951.155560000003,25383142747.0,7.45557803,7.43887767,13754079404.0,79.76226829
2012,CZE,26750.0,22000000.0,76.17007462,4.548829363,-0.7998442809999999,19729.87051,197417000000.0,14.24886832,7.54794135,147999000000.0,78.07560976
2012,DEU,186450.0,157000000.0,45.98253972,1.847194475,0.49199282899999996,44065.24891,3328140000000.0,18.81069824,10.99191973,1413770000000.0,80.53902439
2012,DJI,12950.0,6000000.0,39.14798129337704,8.126150917,4.8423795730000005,1586.780133,578660241178.375,14.13973888,8.94711732,156643037474.63104,61.29597561
2012,DNK,17200.0,109000000.0,54.63049643,0.8417971059999999,0.226468476,58507.500210000006,307455000000.0,15.85160701,10.9838191,159029000000.0,80.05121951
2012,DOM,61000.0,6500000.0,24.64260604,5.635529743999999,2.793910372,5968.826218,66189500993.0,14.35662097,4.26412797,20512637647.0,73.13531707
2012,DZA,317200.0,807000000.0,36.89259508,0.7177331690000001,3.374768651,5583.6161520000005,191536000000.0,9.98819159,6.14311272,59611982759.0,74.32409756
2012,ECU,58500.0,88000000.0,30.16480927,0.644911279,5.641962067000001,5702.168288,89174386000.0,7.32124371,6.47936086,27772113000.0,75.433
2012,EGY,835500.0,281000000.0,16.57611976,1.012363434,2.193878354,3226.131379,298474000000.0,5.84574557,5.29360162,67928934857.0,70.72914634
2012,ESP,215600.0,238000000.0,30.70166327,1.8649828919999998,-2.929811429,28562.29324,1316320000000.0,14.088636300000001,9.38884953,390534000000.0,82.42682927
2012,EST,5750.0,2000000.0,85.98943177,7.759293013,4.307279191,17421.88799,22686567085.0,12.99489496,6.36428657,19457991139.0,76.32682927
2012,ETH,138000.0,193000000.0,13.767298199999999,0.643172898,8.647811635,469.7923039,51047448883.0,18.53255031,5.76934846,13699443640.0,62.79353659
2012,FIN,25000.0,76000000.0,39.48136321,1.9215890080000002,-1.42618936,47415.55987,260411000000.0,12.416733599999999,9.29823712,105055000000.0,80.62682927
2012,FRA,325600.0,91000000.0,28.52181363,1.228845226,0.18269303399999998,40838.02444,2739250000000.0,15.53038182,11.43898967,822620000000.0,81.96829268
2012,GBR,169150.0,578000000.0,29.79867992,1.766845925,1.313018598,41538.30726,2704980000000.0,16.21255508,9.41083326,847449000000.0,80.90487805
2012,GEO,32350.0,2666666.667,38.15052258,5.245677071,6.350481943999999,4142.869175,18959958578.0,3.81764393,8.57085151,9158996851.0,74.35270732
2012,GHA,15500.0,39000000.0,40.35921817,7.855367882,9.292511869,1641.825922,47161056966.0,9.31846833,4.7900551,22147874708.0,60.97702439
2012,GIN,12300.0,4000000.0,29.71700213,10.6824679,3.9441119889999996,487.3457142,7495159885.0,8.03499368,5.39134293,3512060914.0,57.63763415
2012,GNB,6450.0,215165420.22787395,14.33548354,0.665431601,-1.797988509,580.6429369,1107140883.0,10.39683595,5.96143163,254280383.1,54.503512199999996
2012,GRC,147350.0,37000000.0,28.68399402,0.6770556679999999,-7.300493935,22242.681930000002,256602000000.0,11.37497184,9.24254484,81399960099.0,80.63414634
2012,GTM,42300.0,2000000.0,24.868693899999997,2.507795392,2.969857427,3278.626346,56054639492.0,14.68703536,6.32933891,18197162805.0,71.24939024
2012,HND,20000.0,13000000.0,50.90279882,5.801733362999999,4.128687749,2378.519569,21967045179.0,16.69053405,9.7798508,12932895543.0,72.75502439
2012,HRV,19550.0,17000000.0,41.57437776,2.593772173,-2.187429172,13235.977570000001,56218026648.0,13.99284874,7.79722563,23216137497.0,76.92439024
2012,HUN,38500.0,6000000.0,86.76883998,8.340240469,-1.602512404,12834.32349,118774000000.0,10.28327255,7.74065817,101928000000.0,75.06341463
2012,IDN,676500.0,218000000.0,24.59437879,2.309780327,6.030050652999999,3700.523525,921488000000.0,6.09337672,2.89787034,229362000000.0,68.51956098
2012,IND,2728700.0,4465000000.0,24.52796101,1.3125881209999999,5.4840165370000005,1446.767109,1951030000000.0,4.48916295,4.389042,571307000000.0,67.28987805
2012,IRL,9350.0,1000000.0,106.77560600000001,18.13913301,-1.10288038,49231.361619999996,187086000000.0,13.44324909,8.32055052,202386000000.0,80.84634146
2012,IRN,563000.0,46000000.0,22.36089636,0.7938794309999999,-6.608687255,7710.513314,577644000000.0,17.53158028,6.9838344,121740000000.0,74.79934146
2012,IRQ,802400.0,476000000.0,44.50843536,1.5596259719999999,13.93643017,6614.584821,184411000000.0,6.46038337,5.26411877,63438830315.0,68.94973171
2012,ISL,180.0,50000000.0,56.97326791,1.6791004390000002,1.217535365,44333.85018,13369433476.0,15.38332209,8.68327575,7251645264.0,82.91707317
2012,ISR,184500.0,120000000.0,36.149001299999995,3.286578553,2.381800262,32569.596830000002,257019000000.0,11.76268565,7.73373175,92511735263.0,81.70487805
2012,ITA,359500.0,219000000.0,28.58636715,0.001679455,-2.819019127,34814.12436,2052350000000.0,13.77259868,9.28206804,572068000000.0,82.23902439
2012,JAM,2830.0,1500000.0,30.19283277,2.792335064,-0.621954187,5357.443968,18011479320.0,7.13426811,5.65711987,7678322135.0,75.29982927
2012,JOR,115500.0,176000000.0,46.24668328,4.89130823,2.651203349,4423.117354999999,39605305775.0,17.46491791,8.00466753,22975492958.0,73.74641463
2012,JPN,259800.0,244000000.0,14.54475256,0.008817409,1.495028543,48629.199689999994,6299150000000.0,20.04513562,10.16980518,998182000000.0,83.09609756
2012,KAZ,70500.0,94000000.0,44.10966304,6.5616482110000005,4.8,12387.18982,177848000000.0,10.90237004,4.3153084999999995,61596840640.0,69.61
2012,KEN,29100.0,61000000.0,19.81682883,0.324161235,4.554942796000001,1184.923256,58268322576.0,13.35301606,5.49053237,17847854479.0,60.27278049
2012,KGZ,20400.0,4000000.0,44.40420097,4.911331225,-0.088150193,1177.974735,9965011861.0,12.15141399,6.97356873,6292831537.0,70.00243902
2012,KHM,191300.0,77000000.0,57.95598982,10.26455817,7.261322742999999,946.4766787000001,14715513655.0,7.258156,6.23920837,8813214288.0,67.32887805
2012,KOR,659500.0,1077000000.0,56.34025057,0.776565597,2.292382426,24453.97191,1188640000000.0,11.76885119,7.01258591,654764000000.0,81.21341463
2012,KWT,22600.0,31000000.0,74.73184708,1.650249066,6.626388081,50903.9046,89729188996.0,5.76990192,2.57201714,45744908896.0,74.35185366
2012,LAO,129100.0,19000000.0,38.85339188,3.1462923060000003,8.026283279,1445.416201,10551304953.0,3.44296158,2.11887109,4830274612.0,65.2485122
2012,LBN,80000.0,31000000.0,56.48890897,7.310703576,2.2,8773.931956,52092625085.0,10.72474485,6.9909270999999995,33293616498.0,78.90846341
2012,LBR,2050.0,215165420.22787395,43.3880726,37.25727456,7.99445127,414.1851553999999,2930500000.0,11.57961378,10.18650065,1948000000.0,60.20436585
2012,LBY,7000.0,73000000.0,54.82944514,4.803079306530005,-62.07591958,5517.779568999999,31216304525.0,7.939127099999999,4.29879351,32541808671.0,71.64956098
2012,LKA,223100.0,15333333.33,19.81648474,1.3752098419999998,9.144579388,3350.521375,76550115436.0,6.19125034,3.20966147,21677008606.0,74.5312439
2012,LSO,2000.0,215165420.22787395,39.14798129337704,2.1248606359999997,5.466489433,1295.960091,578660241178.375,13.12222222,11.14497984,156643037474.63104,48.836000000000006
2012,MAR,245800.0,836000000.0,34.929547899999996,2.8920944210000004,3.009961262,2931.4002,113267000000.0,6.04558367,6.14685256,49325135599.0,73.36465854
2012,MDA,7750.0,215165420.22787395,43.48291631,3.879096198,-0.700000153,2046.536787,10231992420.0,13.76541115,11.87332928,6114900012.0,70.77248780000001
2012,MDG,21600.0,215165420.22787395,29.00995501,8.170575686,3.0275080880000003,444.9584938,11403463017.0,13.51079454,3.45623205,4361406682.0,64.24665854
2012,MDV,192336.934,5000000.0,99.0396756,9.052764512000001,2.4964899959999998,6541.070465,2171356842.0,19.25503431,9.16358288,2147172876.0,76.46234146
2012,MEX,329750.0,259000000.0,32.64495601,1.773516145,4.018173869,9720.561673999999,1199870000000.0,11.46749923,6.21482997,400635000000.0,76.35409756
2012,MKD,8000.0,1000000.0,45.37446727,3.467445259,-0.45618441200000004,4709.511628,11837177884.0,13.30669833,6.76264338,6513782541.0,75.03126829
2012,MLI,7800.0,9000000.0,27.85634001,3.197567293,-0.8361788659999999,772.2499217000001,12866786112.0,12.41679295,6.46533952,3890132375.0,57.095
2012,MLT,2130.0,8000000.0,164.8096771,35.896688,2.851275336,22081.60163,8788256456.0,15.63718885,9.95129454,14791083130.0,80.74634146
2012,MMR,513250.0,398000000.0,11.49836108,2.23310075,7.332670447000001,1136.786368,59365504045.0,3.28063395,2.21823163,6502481977.0,65.42778049
2012,MNE,12180.0,215165420.22787395,43.67249667,15.12722657,-2.723766992,6586.80384,5086056611.0,9.84266145,7.247397099999999,2783513857.0,75.70507317
2012,MOZ,11200.0,10500000.0,32.37613301,36.91446508,7.1981858260000005,593.2193071,22299129482.0,8.8123221,5.57950644,11976163793.0,54.21212195
2012,MYS,133600.0,47000000.0,79.29989261,2.829059379,5.474385463,10834.65908,280615000000.0,5.70728098,4.01140506,215525000000.0,74.42331707
2012,NER,10700.0,8333333.333,21.85891404,12.25863127,11.81366328,393.643423,8157283780.0,7.5986349,6.10930646,2732565813.0,60.07253659
2012,NGA,162000.0,7000000.0,31.43874755,1.546823791,4.279277314,2716.715928,372517000000.0,7.43004153,3.2990842000000002,59150091916.0,52.105
2012,NIC,12000.0,14000000.0,45.35468532,7.354263926000001,5.590562192999999,1776.2092440000001,12531820177.0,18.67956029,8.04170642,6827482053.0,74.21246341
2012,NLD,43300.0,376000000.0,81.93622087,28.92283586,-1.0570374040000001,49474.705610000005,749355000000.0,20.34961413,11.01234745,599616000000.0,81.10487805
2012,NPL,157750.0,7333333.333,10.07389298,0.47898355600000003,4.781192258,698.4098897000001,23722191553.0,11.81849299,5.8926379,6450415421.0,68.82331707
2012,NZL,8550.0,30000000.0,28.79181269,2.267149573,2.3296842630000003,40066.5648,175391000000.0,23.13137622,11.53033809,49624735571.0,81.15609756
2012,PAK,947800.0,1052000000.0,12.39666276,0.38282651700000003,3.50703342,1264.900909,242362000000.0,4.72960635,2.75972728,45794092923.0,65.71687805
2012,PER,192000.0,10000000.0,27.44961437,6.187728882999999,6.139724706,6386.374449,188215000000.0,13.87253141,5.17591754,48479266166.0,74.05765854
2012,PHL,165500.0,16000000.0,30.81904716,1.2856924459999999,6.683810237,2604.655997,258248000000.0,8.24017013,4.45815444,85232376956.0,68.00707317
2012,PRY,25450.0,7000000.0,49.92148468,3.030657918,-1.238968506,3855.572185,24296592422.0,11.46093629,10.33407449,11979621541.0,72.654
2012,QAT,11800.0,319000000.0,76.47241329999999,0.211888706,4.687259177,92692.64331,98650824176.0,5.83442378,2.15608952,54693406593.0,78.22765854
2012,RUS,1364000.0,103000000.0,27.38033591,2.33106968,3.517941865,15154.456869999998,2023000000000.0,10.17920405,6.87955814,447048000000.0,70.07219512
2012,RWA,35000.0,5000000.0,12.87485908,2.2136079580000003,8.788351534,667.4145823,8548008929.0,10.436219,7.67761838,2257872479.0,62.79936585
2012,SAU,249000.0,1025000000.0,54.42013942,1.6598239890000002,5.38446595,24883.18971,549742000000.0,7.74907372,3.86342862,215206000000.0,74.01602439
2012,SDN,264300.0,95000000.0,9.219191684,3.392938459,0.521559267,1806.450797,72405703918.0,11.64949118,8.20038881,10560705290.0,62.83219512
2012,SEN,18600.0,12000000.0,27.95058619,1.9457017419999998,4.411180283,1030.04451,17178967144.0,7.47616648,4.31118548,6952183577.0,65.31887805
2012,SOM,20000.0,2000000.0,14.51882427,8.242563606000001,2.6982114735400002,535.8003865000001,8308000000.0,11.433665833446423,6.742246179071436,3485666667.0,54.6902439
2012,SRB,28150.0,215165420.22787395,36.92831816,3.1321259830000003,-1.015270388,5659.380204,47533372057.0,13.11907456,9.89106186,21836509486.0,74.83658537
2012,SSD,210000.0,2000000.0,10.12161632,1.552733098,-46.08212237,944.2828116000001,14012203390.0,4.0,2.7738403999999997,4692881356.0,54.727
2012,SWE,16100.0,206000000.0,46.3231383,0.785748042,-0.286320615,57134.07707000001,517060000000.0,19.16155869,11.80240408,225122000000.0,81.70487805
2012,SYR,178000.0,371000000.0,39.14798129337704,4.803079306530005,2.6982114735400002,13896.061104882936,578660241178.375,4.79576059,3.2546046000000004,156643037474.63104,70.78590244
2012,TCD,34850.0,4000000.0,38.46805422,4.687821048,8.882576072,972.6794135,12818208376.0,5.93769915,3.0003298,5207893610.0,50.78139024
2012,THA,453550.0,285000000.0,69.30323088,3.246750212,7.230959189,5915.221147,393949000000.0,13.66849167,4.169548908,271993000000.0,74.07190244
2012,TJK,16300.0,3000000.0,21.5400245,3.135673899,7.499999169,962.4408177000001,11262177259.0,7.48547553,6.39187459,5273288262.0,69.16697561
2012,TKM,22000.0,115000000.0,73.25809894,8.900017811,11.09999996,6797.721165999999,25014093193.0,8.6813085,1.96187546,15610514807.0,65.31158537
2012,TTO,4050.0,12000000.0,54.28506548,9.546685528,1.29397895,19152.18149,21514586708.0,7.75871352,5.78214255,9768516237.0,70.15139024
2012,TUN,47800.0,24500000.0,49.39598746,3.4505439630000003,3.9976661989999998,4139.53811,49193994494.0,14.16313675,7.17870481,26399833536.0,74.66221951
2012,TUR,612800.0,1503000000.0,26.29611119,1.683942724,2.127460709,10539.36545,829589000000.0,10.76843789,5.2363833,248166000000.0,74.63680488
2012,TZA,28400.0,115000000.0,21.28530986,4.604118217,5.141013621,827.5288807999999,43710445093.0,15.92467567,5.72109354,12942645182.0,63.52090244
2012,UGA,46800.0,219000000.0,19.89502016,5.1279610810000005,3.8342867419999997,664.0051546,26491409378.0,14.33571504,7.58352882,7661777289.0,57.10019512
2012,UKR,214850.0,9500000.0,35.41546087,4.650663252,0.238681306,3855.4212799999996,212620000000.0,11.76675505,7.46947303,99091978476.0,70.94414634
2012,USA,1492200.0,1196000000.0,13.606608499999998,1.50422262,2.224030854,51433.04709,16720900000000.0,20.07766335,17.01736133,2763840000000.0,78.74146341
2012,UZB,68000.0,47500000.0,27.33478878,1.086497309,8.200000001,1740.468298,54490157817.0,9.58004751,6.49281819,16833902091.0,68.10197561
2012,VEN,115000.0,680000000.0,26.17101425,1.307678984,5.625956975,12771.59504,373895000000.0,5.90592072,4.80160508,92395390157.0,73.92573171
2012,YEM,137900.0,38000000.0,24.86371401,-0.040222174,2.392990209,1422.723779,39520005560.0,3.93250762,5.73349373,12920753594.0,63.32729268
2012,ZAF,62100.0,132000000.0,29.72280015,1.16718037,2.2132589780000003,7548.43975,402097000000.0,14.44375656,8.79451471,123558000000.0,56.09831707
2012,ZWE,50800.0,215165420.22787395,32.89230032,2.823029384,10.56520427,850.8276966,16150539900.0,9.69128119,6.68618346,7834073600.0,53.64307317
2013,AFG,330650.0,235000000.0,6.307895041,0.197860045,1.9591228930000002,653.3474881,28756442476.0,10.591285000000001,8.13486556,9974609899.0,60.02826829
2013,ALB,8500.0,7000000.0,35.44905893,9.80972069,1.109999993,4412.345578,15085640093.0,9.76242119,5.65513948,6835365179.0,77.64046341
2013,ARE,63000.0,2241000000.0,101.02233299999999,2.442364101,4.728897293,42986.66461,289014000000.0,8.69685925,3.48564353,292987000000.0,77.19563415
2013,ARG,105650.0,12000000.0,14.61717339,1.7792055359999999,2.405323787,12977.13092,552575000000.0,7.72304601,4.98687258,81240190817.0,75.98609756
2013,ARM,49100.0,16000000.0,28.359126500000002,3.111931481,3.300000002,3716.8289229999996,13327735784.0,7.27372925,4.55022679,5360220562.0,74.56136585
2013,AUS,56750.0,244000000.0,19.82939983,3.452620993,2.440049062,67652.68321,1583190000000.0,17.31142544,9.36373848,329365000000.0,82.14878049
2013,AUT,22500.0,6000000.0,53.192338799999995,0.10538799900000001,0.124223545,50504.715319999996,417192000000.0,16.33091808,11.1377909,216739000000.0,81.13658537
2013,AZE,81950.0,398000000.0,48.72392485,3.560929515,5.796678396,7811.621418000001,57484512428.0,3.4957035000000003,5.53755045,19765583174.0,70.69058537
2013,BDI,51050.0,3000000.0,7.395821132000001,4.300125041,4.594054218,259.3652082,3443337674.0,14.01828211,8.03161378,929592021.3,56.25160976
2013,BEL,37500.0,46000000.0,81.81036067,-5.455806593999999,-0.067164785,46508.13059,514153000000.0,15.0973108,10.57290301,419550000000.0,80.58780488
2013,BFA,11450.0,8000000.0,26.19375313,4.109249913,5.708753995,698.3350349,13714554836.0,12.72407194,5.91240213,4908921489.0,58.24063415
2013,BGD,220950.0,662000000.0,19.53787411,1.73541854,6.013596067000001,954.3963997000002,160821000000.0,5.54641825,2.88285726,40135237754.0,71.2452439
2013,BGR,47300.0,12333333.33,64.65252951,3.567225222,0.862092738,7674.860559000001,55987234663.0,10.95201537,7.93021922,36277928882.0,74.86097561
2013,BHR,19460.0,72000000.0,74.45792054,3.038865272,5.41683981,24113.524840000002,23528005319.0,10.57740809,4.68637938,15216755319.0,76.54595122
2013,BHS,1300.0,26000000.0,43.75170375,4.48547421,0.010307048000000001,22554.45412,9587442600.0,13.44797791,7.04554853,4793964200.0,75.07353659
2013,BIH,10500.0,215165420.22787395,33.62137539,1.72573537,2.394191979,4748.0406920000005,21894746453.0,14.10585357,9.46431161,9844178264.0,76.27692683
2013,BLR,158000.0,75000000.0,60.27270849,3.072740277,1.073600801,7722.125798,75475837558.0,13.90624867,6.07206556,46436133120.0,72.47073171
2013,BLZ,1050.0,215165420.22787395,65.185742,5.673891986,1.3135593220000001,4723.594354999999,1655312751.0,13.41928526,5.79061965,1089292758.0,69.98204878
2013,BOL,83200.0,1000000.0,44.0926856,5.706622972999999,6.798568137999999,2948.032472,28527206946.0,11.959230499999999,5.9649866,11386396527.0,67.91343902
2013,BRA,713480.0,223000000.0,11.63020088,2.79768802,3.0048653589999996,12106.21004,2529720000000.0,7.05216777,8.48312451,344504000000.0,74.12243902
2013,BTN,192336.934,1000000.0,40.4599045,2.768361472,2.142496554,2383.04473,2190652209.0,8.38859599,3.82579516,1119922591.0,69.10292683
2013,CAF,8150.0,7000000.0,14.45148971,0.12200942,-36.69995244,322.36659330000003,1678826190.0,15.51645354,3.82208893,379716267.5,49.87987805
2013,CAN,65700.0,194000000.0,30.16333848,3.6386941010000005,2.4750018590000002,52413.72116,1872970000000.0,18.57342332,10.66516682,586141000000.0,81.76504878
2013,CHE,21250.0,6000000.0,72.30603116,-3.639776677,1.78057952,84658.88768,601877000000.0,22.56319371,11.70740988,412219000000.0,82.79756098
2013,CHL,106100.0,54000000.0,32.29558173,6.9880724139999995,3.976596199,15764.75545,279237000000.0,15.31763039,7.5312947,91642329744.0,81.19792683
2013,CHN,2993000.0,1390000000.0,24.50498208,3.0282256760000004,7.757635146,7077.770594,9372350000000.0,10.28492085,5.38570406,2119380000000.0,75.58514634
2013,CIV,25000.0,6000000.0,41.53105069,1.3033323940000001,8.889421302,1445.910582,30346498259.0,8.20381845,5.80954361,12066656546.0,51.20846341
2013,CMR,23200.0,133000000.0,20.65738013,1.850846649,5.561688129,1331.200021,32007418428.0,4.62177535,4.29309731,8547785604.0,55.04180488
2013,COD,134250.0,1000000.0,33.86901982,-1.3348850859999999,8.503503317,413.69579839999994,32394528220.0,9.28150182,3.88677527,12545437686.0,58.27192683
2013,COG,12000.0,12000000.0,76.53245476,20.68695645,3.4407052489999996,3205.457783,12612404838.0,8.70635969,5.09464112,9306801119.0,61.66639024
2013,COL,455750.0,164000000.0,17.571925,4.2632887969999995,4.874065579,8030.690861,389902000000.0,18.14280077,6.8432,76517618155.0,73.80973171
2013,CYP,12750.0,23500000.0,58.72051308,-25.04749566,-5.95274791,27907.967360000002,23615772703.0,7.58416196,7.45866684,13686006373.0,79.94978049
2013,CZE,24100.0,15000000.0,76.87095181,3.513606851,-0.483671041,19916.01939,197333000000.0,14.90725275,7.48649513,148900000000.0,78.17560976
2013,DEU,181550.0,113000000.0,45.457710600000006,1.6711998590000001,0.48958448200000004,46530.91143,3528930000000.0,19.25261037,11.16480314,1482230000000.0,80.4902439
2013,DJI,12950.0,5000000.0,39.14798129337704,19.65666445,4.999907255,1682.948665,578660241178.375,14.13973888,9.13982602,156643037474.63104,61.68646341
2013,DNK,17200.0,42000000.0,54.82881332,-0.250948231,0.933349282,61191.19263,320882000000.0,16.77062335,11.24700751,165681000000.0,80.3
2013,DOM,61000.0,6500000.0,25.30412233,2.581902166,4.742064192,6026.989889,65790072582.0,15.53786666,4.11902833,19504068305.0,73.31990244
2013,DZA,317200.0,302000000.0,33.21501693,0.806725693,2.7676388660000004,5492.115804,203831000000.0,9.94780509,7.12438268,63767462894.0,74.56895122
2013,ECU,58983.0,11000000.0,28.638288300000003,0.76402482,4.946511267,6074.181971,97345780000.0,8.76083351,7.28688971,29459627000.0,75.6485122
2013,EGY,835500.0,675000000.0,17.17105977,1.4657466380000002,2.106724617,3264.450063,304300000000.0,5.54561079,5.46252124,67399869699.0,70.92578049
2013,ESP,213950.0,176000000.0,32.2193882,3.839669344,-1.7058948680000001,29210.093419999997,1317440000000.0,14.50363504,9.09572402,394421000000.0,83.07804878
2013,EST,5750.0,18000000.0,84.46506191,4.304660768,1.4151797309999998,19029.77923,24597535882.0,13.538703699999997,6.48178731,20701188243.0,77.14146341
2013,ETH,138000.0,153000000.0,12.48407356,2.000075086,10.58227004,503.90260660000007,55511900347.0,15.94214416,5.19220468,13812126942.0,63.44219512
2013,FIN,25000.0,320000000.0,38.81419115,-1.830026322,-0.758036295,49638.07713,272370000000.0,12.32317814,9.54669008,107181000000.0,80.97560976
2013,FRA,318400.0,107000000.0,28.60807392,1.124768867,0.5762415470000001,42571.19799,2861390000000.0,15.62424977,11.56028303,856336000000.0,82.2195122
2013,GBR,159150.0,494000000.0,29.75701369,2.003051504,1.9110784109999999,42407.37101,2780850000000.0,16.52383126,9.33908653,870587000000.0,81.00487805
2013,GEO,32350.0,5000000.0,44.68923219,5.92515924,3.3870437260000004,4274.376872999999,18230530179.0,4.22120686,7.247364699999999,9303346219.0,74.51390244
2013,GHA,15500.0,63000000.0,34.1890785,6.75033011,7.312525021,1827.1013679999999,54150798373.0,10.5809681,4.62620018,22689841615.0,61.14207317
2013,GIN,12300.0,3333333.333,28.45685617,2.171629677,2.2999992380000003,521.5389058999999,7861343482.0,9.49268407,5.49316028,3402971156.0,58.2164878
2013,GNB,6450.0,215165420.22787395,19.09862269,1.912962925,0.8202724159999999,584.2820032000001,1106239036.0,13.32170805,6.13947839,275653630.4,54.83841463
2013,GRC,148950.0,52000000.0,30.35342851,1.227963495,-3.241425025,21874.8195,246608000000.0,9.98286342,9.25694494,79551948571.0,81.28536585
2013,GTM,42300.0,17500000.0,23.71969259,2.512748158,3.697585578,3432.017458,59833367887.0,16.85986748,6.29628068,18755601946.0,71.48639024
2013,HND,20000.0,20000000.0,47.94149032,5.818741352000001,2.791559757,2340.684866,22124335232.0,14.58942374,9.15018328,12560055454.0,72.94285366
2013,HRV,19550.0,27000000.0,43.02970726,1.622460456,-1.0639210959999998,13574.97804,57503341888.0,13.99284874,7.82827445,24591099741.0,77.12682927
2013,HUN,38500.0,2000000.0,85.99971740000001,-2.800794563,2.117146834,13613.60147,125249000000.0,10.1389949,7.52727617,106393000000.0,75.56585366
2013,IDN,676500.0,802000000.0,23.92357638,2.5513563340000003,5.557263689,3631.672694,919735000000.0,6.02900479,2.92591721,225519000000.0,68.70460976
2013,IND,2749700.0,5170000000.0,25.42381238,1.515855844,6.540301949,1451.534466,1912610000000.0,4.65673641,4.52911807,527555000000.0,67.66041463
2013,IRL,9350.0,21500000.0,106.08943529999999,20.88013208,1.098839764,52034.76822,194302000000.0,13.44324909,8.00927632,208872000000.0,81.0
2013,IRN,563000.0,31000000.0,27.47387386,0.5961338070000001,-1.9115750569999999,6631.29827,472301000000.0,17.53158028,6.49275923,101242000000.0,75.12597561
2013,IRQ,177600.0,353000000.0,39.67638889,2.186846637,6.572160297999999,6879.69779,190048000000.0,6.46038337,5.9199233,48500000000.0,69.18348780000001
2013,ISL,200.0,50000000.0,55.40854435,3.0532761369999997,4.409773577,47810.23304,14247892612.0,15.98721792,8.75450051,7345477609.0,82.06097561
2013,ISR,184500.0,153000000.0,33.38661752,4.243938914,4.376328279,36393.66932,286694000000.0,11.76268565,7.89399062,91307466489.0,82.05609756
2013,ITA,359500.0,91000000.0,28.86258985,0.91671695,-1.728157335,35370.274410000005,2082370000000.0,13.65742359,9.21721878,566796000000.0,82.6902439
2013,JAM,2830.0,1000000.0,30.59720578,3.8156782280000003,0.503639921,5148.017451,17434994229.0,9.71888518,5.90574802,7526663215.0,75.4882439
2013,JOR,115500.0,75000000.0,42.35182427,5.374908267,2.829210769,4656.219807,43538350704.0,13.69326129,7.23316979,24172112676.0,73.9
2013,JPN,259800.0,298000000.0,15.91539812,0.206536579,2.0004895719999998,40488.2432,5275160000000.0,20.12174712,10.24737667,939997000000.0,83.33195122
2013,KAZ,70500.0,141000000.0,38.61703772,4.23069801,6.0,13890.85601,208649000000.0,10.90237004,4.29914863,63395749140.0,70.45
2013,KEN,29100.0,1000000.0,18.14904796,0.67484833,5.693530352000001,1261.092863,63356052804.0,13.05253545,5.56790477,18255539467.0,60.95378049
2013,KGZ,20400.0,4000000.0,42.25015396,8.727543175,10.91546938,1282.437162,10967808399.0,13.22084977,6.678638499999999,6731841257.0,70.20243902
2013,KHM,191300.0,67000000.0,61.49292402,8.705996295,7.480003653,1024.60887,16252239229.0,6.81614184,5.93281822,10303038305.0,67.77204878
2013,KOR,659500.0,184000000.0,53.87507631,0.977830215,2.8962200539999996,25997.88105,1240590000000.0,12.31071301,7.19693064,638384000000.0,81.70512195
2013,KWT,22600.0,73000000.0,70.86139107,0.82316154,1.149038847,48463.15167,97327926657.0,5.76990192,2.5600271,46579689704.0,74.46968293
2013,LAO,129100.0,19000000.0,37.1116028,3.8131312139999998,8.475969134,1700.5253050000001,12926488555.0,3.44296158,1.99960355,5889634743.0,65.6872439
2013,LBN,80000.0,24000000.0,56.86896609,6.089241135,0.9,8388.973293000001,50691675063.0,10.72474485,6.63325169,31562018652.0,79.13370732
2013,LBR,2050.0,215165420.22787395,48.54867711,35.97574107,8.703875016,453.33945700000004,2955500000.0,9.91608082,9.25436605,1954000000.0,60.52039024
2013,LBY,7000.0,120000000.0,54.82944514,4.803079306530005,-62.07591958,5517.779568999999,31216304525.0,4.9278207,4.33485587,42464181804.0,71.65768293
2013,LKA,223100.0,20000000.0,20.32039824,1.254815445,3.395709596,3610.2893740000004,80721768976.0,11.516665199999998,3.67699093,21505636520.0,74.65382927
2013,LSO,2000.0,215165420.22787395,39.14798129337704,2.017636644,2.019214306,1199.874106,578660241178.375,12.82058824,11.07282138,156643037474.63104,49.33146341
2013,MAR,245800.0,76000000.0,32.77764352,3.146163799,4.53545349,3141.725373,122278000000.0,5.77829748,5.93534584,50467551008.0,73.70904878
2013,MDA,7750.0,215165420.22787395,43.34394588,3.6374111310000004,9.400000099,2243.979662,10960053389.0,13.07630647,10.05471776,6435869323.0,71.17204878
2013,MDG,21600.0,215165420.22787395,29.24286682,5.343916897,2.255204043,462.46001050000007,12095886582.0,17.22073677,4.14767794,4594434053.0,64.67390244
2013,MDV,192336.934,5000000.0,104.80365340000002,12.90866683,4.699793673,7112.33575,2270471864.0,22.87089278,11.16425478,2404741083.0,76.60260976
2013,MEX,325450.0,63000000.0,31.78192241,3.7650448389999998,1.3600771440000001,10198.6473,1273100000000.0,11.58149111,6.29528345,412197000000.0,76.53265854
2013,MKD,8000.0,1000000.0,43.39647453,3.7203643860000004,2.9252653210000004,5219.535681,12771854046.0,13.21230255,6.0737788,6648647600.0,75.18704878
2013,MLI,11800.0,6000000.0,26.20015104,2.402617759,2.303584809,772.2501095,13777735406.0,4.74362147,6.577789500000001,4321577200.0,57.53519512
2013,MLT,2130.0,9333333.332999999,155.15623169999998,5.543500193,4.472321093,24056.61245,9476101965.0,15.63718885,9.89183881,15093733404.0,81.74634146
2013,MMR,513250.0,251000000.0,19.63509832,3.7493712589999997,8.426001025,1134.928443,59718275988.0,3.28063395,2.15820037,11392566560.0,65.65409756
2013,MNE,12180.0,215165420.22787395,41.34234771,10.00090579,3.5490131000000003,7186.813592,5361247278.0,9.84266145,6.42538419,2742477030.0,75.97019512
2013,MOZ,11200.0,9000000.0,30.36930905,41.80963586,7.1416832999999995,605.2344447,24610930953.0,8.8123221,5.89790701,13456895719.0,54.641512199999994
2013,MYS,133600.0,71000000.0,75.6290171,3.494304956,4.692919186,10971.415579999999,295679000000.0,5.87616872,4.01811554,216893000000.0,74.5675122
2013,NER,10700.0,13000000.0,22.63550033,9.378436705,5.268378734,417.67030930000004,8928965266.0,7.56875312,5.0897825999999995,2996692575.0,60.82814634
2013,NGA,162000.0,35000000.0,18.04990659,1.093553893,5.3944163110000005,2943.565834,483003000000.0,6.47716083,3.70392576,66125259152.0,52.44214634
2013,NIC,12000.0,14000000.0,42.6819309,7.499033233,4.533235949,1829.024989,13118334569.0,19.83657196,8.42894257,6885146384.0,74.5147561
2013,NLD,43300.0,332000000.0,82.01020915,37.9244573,-0.19033920000000001,51574.48942,773980000000.0,20.86258153,11.0448661,618066000000.0,81.30487805
2013,NPL,157750.0,7333333.333,10.68907517,0.38283357700000004,4.128877676,696.732684,24584774968.0,11.64034241,5.6862680999999995,7264224126.0,69.222
2013,NZL,8500.0,26000000.0,28.81262633,-0.036456872,2.743985124,42928.09633,187677000000.0,23.35596618,11.17351069,51929297949.0,81.40731707
2013,PAK,947800.0,1162000000.0,13.27715343,0.576510795,4.396456633000001,1276.092448,246894000000.0,4.72960635,2.70392397,46374225335.0,65.96368293
2013,PER,192000.0,49000000.0,24.80309747,4.622290627,5.8525182110000005,6580.979053,201494000000.0,14.38154723,5.23182008,50234571555.0,74.28385366
2013,PHL,165500.0,78000000.0,28.01767683,1.3748620630000001,7.064032939,2786.014701,283280000000.0,8.90130645,4.55778632,87606292582.0,68.13156098
2013,PRY,25450.0,7500000.0,49.56396402,0.255472757,14.03627767,4479.955052,27592855446.0,12.79713645,10.49411979,12983600420.0,72.79917073
2013,QAT,11800.0,73000000.0,72.71779686,-0.422882374,4.410274619,94574.25505,113171000000.0,5.83442378,2.14592773,58953296703.0,78.41848780000001
2013,RUS,1260000.0,141000000.0,26.62654328,3.103116385,1.2794539109999998,15543.67653,2105350000000.0,9.84316714,7.09185941,468663000000.0,70.57878049
2013,RWA,35000.0,15000000.0,14.43256579,3.425182237,4.684512428000001,678.9981669,8766910596.0,10.06544713,7.688365299999999,2330522891.0,63.39482927
2013,SAU,251500.0,1607000000.0,52.07918721,1.190953616,2.669911395,24646.02087,586593000000.0,8.21100108,4.24536506,229901000000.0,74.17763415
2013,SDN,264300.0,130000000.0,8.840551768,2.34213857,4.394711132,1871.1089789999999,76424058989.0,11.64949118,8.42182058,10729145644.0,63.16704878
2013,SEN,18600.0,6000000.0,28.42238183,2.102310945,3.485217347,1041.1671789999998,17897191027.0,7.94603712,4.51055336,7299064489.0,65.8787561
2013,SOM,11000.0,3000000.0,14.55530643,8.333333332999999,2.6982114735400002,521.2230393,7895000000.0,11.433665833446423,6.742246179071436,3322000000.0,55.02302439
2013,SRB,28150.0,215165420.22787395,41.20036372,4.524863898,2.5717341069999997,6353.826383,50394322848.0,13.8617636,10.11558912,23628933676.0,75.18536585
2013,SSD,185000.0,9000000.0,16.19533598,-5.9814586720000005,13.12973114,1157.486958,16166110271.0,4.0,2.61923747,5055593220.0,55.22090244
2013,SWE,16100.0,52000000.0,43.80068591,0.266743652,1.2412049170000001,60283.245220000004,552654000000.0,19.03285179,11.96648921,227405000000.0,81.95609756
2013,SYR,178000.0,361000000.0,39.14798129337704,4.803079306530005,2.6982114735400002,13896.061104882936,578660241178.375,4.79576059,3.25453108,156643037474.63104,70.30153659
2013,TCD,34850.0,59000000.0,33.56559167,4.017039751,5.700001362999999,985.0953220000001,13664392570.0,7.75779581,3.41745392,5061233511.0,51.1914878
2013,THA,453550.0,378000000.0,67.66976207,3.7952827439999997,2.70211729,6225.052283,409029000000.0,12.78099323,4.004047293,273278000000.0,74.24692683
2013,TJK,16300.0,3000000.0,19.17825328,1.475110231,7.40000057,1048.6669060000002,12688054595.0,7.32940333,6.75199215,5812811448.0,69.40017073
2013,TKM,22000.0,69000000.0,73.97709268,9.521504749,10.200000099999999,7480.321678,22568460228.0,8.6813085,2.12069027,14168082333.0,65.45656098
2013,TTO,4050.0,23333333.33,52.03684972,7.543885979,2.653918424,19607.94918,22267187223.0,8.05044948,5.98343264,9587542623.0,70.30529268
2013,TUN,47800.0,38000000.0,47.73989573,2.288638813,2.995657048,4202.870299,50564534991.0,14.16313675,7.26466474,26391333785.0,74.7297561
2013,TUR,612800.0,767000000.0,25.635782100000004,1.504269675,4.192509347,10800.54235,877124000000.0,10.50384823,5.384456,264915000000.0,74.90070732
2013,TZA,28400.0,88000000.0,17.65122642,4.708095165,7.26306003,909.3301412000001,50282209431.0,13.44040464,5.56967822,13774151929.0,64.29182927
2013,UGA,46800.0,20000000.0,19.979152,4.385372868,3.5590809560000003,683.3431532000001,27526044763.0,13.07103437,7.47352248,7527095520.0,57.76768293
2013,UKR,121500.0,9500000.0,42.95671984,2.4597656430000003,-0.026729648999999998,4029.715504,200241000000.0,12.02294856,7.66658213,95674965595.0,71.1595122
2013,USA,1433150.0,787000000.0,13.63931151,1.659393811,1.67733153,52749.911239999994,17183500000000.0,20.78009202,16.89772211,2768610000000.0,78.74146341
2013,UZB,68000.0,47500000.0,26.600461300000003,1.090069435,8.000000001,1907.551233,60164441652.0,9.69650025,6.31652519,17819914940.0,68.222
2013,VEN,115000.0,1165000000.0,24.7649783,0.577642979,1.3430940359999999,12265.031140000001,388967000000.0,6.37768953,4.93680816,109592000000.0,74.07441463
2013,YEM,137900.0,23000000.0,22.3591263,-0.33049641,4.823519066999999,1582.849252,43564802983.0,3.93250762,5.77556499,12186062637.0,63.583512199999994
2013,ZAF,77150.0,2000000.0,30.79864407,2.239570749,2.330342259,6895.143859999999,376364000000.0,14.22805093,8.77541891,121984000000.0,56.73658537
2013,ZWE,50800.0,215165420.22787395,29.443430199999998,2.7653352110000005,4.4840951460000005,905.5003218,17523552000.0,9.59359172,6.88119338,8005310500.0,55.633
2014,AFG,308800.0,288000000.0,6.634452475,0.243169793,1.312530908,633.9478642999999,27990999145.0,11.99862788,8.18227382,9271029582.0,60.37446341
2014,ALB,8500.0,7000000.0,28.23090803,8.694376958,1.799999998,4568.568827,15730822581.0,9.36900452,5.88310543,6243050923.0,77.83046341
2014,ARE,63000.0,737000000.0,97.34736223,2.689353884,3.079884331,44238.59977,316183000000.0,8.69167652,3.64398564,305520000000.0,77.36817073
2014,ARG,105650.0,7000000.0,14.40981899,0.96240665,-2.512615326,12245.68067,524170000000.0,6.91697394,4.78591616,73691675725.0,76.15860976
2014,ARM,49100.0,10500000.0,28.5651387,3.4828760969999997,3.6,3861.91557,13755114327.0,7.04461968,4.48014942,5461874861.0,74.67570732
2014,AUS,56750.0,927000000.0,20.90405143,3.1607597889999997,2.4998512219999998,62004.79319,1461860000000.0,17.31142544,9.42230024,311266000000.0,82.3
2014,AUT,22500.0,2000000.0,53.01616197,0.39123218299999996,0.644844832,51322.63997,423910000000.0,16.27325511,11.20547328,217944000000.0,81.4902439
2014,AZE,81950.0,601000000.0,43.28747427,5.891732964,2.0,7886.4591439999995,62364911386.0,3.88256056,6.036863200000001,19718220069.0,70.76321951
2014,BDI,51050.0,3000000.0,7.76818252,2.642421428,4.660918184,286.0023359,3890899831.0,13.18522664,7.53556539,1037572768.0,56.69202439
2014,BEL,37600.0,103000000.0,83.20205586,-3.630169615,1.653110541,47346.75738,526888000000.0,15.09731075,10.594750900000001,437563000000.0,81.28780488
2014,BFA,11450.0,5000000.0,25.93657634,2.911133266,4.030336888,696.8562068,13995620503.0,11.15812496,4.96026323,4917561644.0,58.58846341
2014,BGD,220950.0,201000000.0,18.98966,1.468712877,6.061093054,1086.8000869999998,184183000000.0,5.65505405,2.81899856,44128009984.0,71.62590244
2014,BGR,47300.0,12333333.33,65.01240687,3.644397805,1.328849722,7853.335190999999,57267043142.0,10.95201537,8.44291326,37417879528.0,74.46585366
2014,BHR,19460.0,1000000.0,72.14799049,2.868458743,4.350483603,24514.99913,24235319149.0,10.46992799,4.98079638,14936170213.0,76.68326829
2014,BHS,1300.0,30000000.0,42.49463673,2.915816493,-0.524452896,22497.44971,10238077800.0,14.76375693,7.74236489,5282416200.0,75.23365854
2014,BIH,10500.0,215165420.22787395,33.9036159,2.823440815,1.08187567,4852.318649,22783691995.0,14.10585357,9.57201597,10540005427.0,76.43324390000001
2014,BLR,158000.0,60000000.0,56.89675049,2.446653197,1.7230860030000001,8032.494890999999,76710361619.0,13.79462392,5.68772158,43907081331.0,72.97073171
2014,BLZ,1050.0,215165420.22787395,67.17512602,8.213526614,4.083494924,4884.368562,1781827068.0,13.81204476,5.78895004,1217941120.0,70.07743902
2014,BOL,71200.0,46000000.0,43.29310012,1.989821882,5.458986151,3124.085434,32560057887.0,11.75192516,6.33482729,13848914616.0,68.344
2014,BRA,729500.0,228000000.0,11.01196203,3.945246299,0.503961791,11917.79043,2521360000000.0,6.78191967,8.32283359,335819000000.0,74.40187805
2014,BTN,192336.934,1000000.0,36.28463735,0.42688934,5.7454551679999994,2560.522132,2371217034.0,8.03238717,3.57301481,1123147822.0,69.4712439
2014,CAF,8150.0,7000000.0,13.03009243,0.204064252,1.040018047,354.45190110000004,2120661488.0,14.16568905,4.20022213,639651854.2,50.65778049
2014,CAN,70200.0,316000000.0,31.58058753,3.583791384,2.565299274,50440.43376,1811210000000.0,18.76736586,10.449582000000001,584533000000.0,81.95660976
2014,CHE,20800.0,1000000.0,64.86270272,2.89870141,1.996886159,85814.58857,619845000000.0,22.70434806,11.65926872,372934000000.0,83.19756098
2014,CHL,109450.0,141000000.0,33.4170175,8.635222254,1.8763953969999998,14566.14905,256430000000.0,15.88420857,7.78585767,84157897273.0,81.49619512
2014,CHN,2993000.0,1151000000.0,24.0800168,2.5576004969999997,7.297665959,7683.502038,10219500000000.0,10.43262803,5.54822768,2261250000000.0,75.78226829
2014,CIV,25000.0,6000000.0,41.32847044,1.282297225,8.486345567999999,1544.3213369999999,32502038067.0,7.34924624,5.71627357,12425994139.0,51.55958537
2014,CMR,23200.0,130000000.0,21.735358899999998,2.261686699,5.926964959,1407.403413,35068626559.0,4.26453239,4.10367158,9984169170.0,55.4927561
2014,COD,134250.0,4000000.0,36.37369489,-1.048130469,8.969479482999999,437.8149312,35178103378.0,11.05626274,4.32823361,14319948778.0,58.65919512
2014,COG,12000.0,13000000.0,72.98675912,38.80997675,6.779940953,3147.071524,13789809240.0,8.70635969,5.15141136,9960023864.0,62.31114634
2014,COL,455750.0,190000000.0,15.963305900000002,4.271261374,4.385710901,7918.0789,398809000000.0,18.14111324,7.20129855,80801046668.0,73.99314634
2014,CYP,12750.0,23500000.0,62.19247014,-3.2364322,-1.531451634,27340.88382,22829640440.0,7.58416196,7.36761162,14017380921.0,80.13156098
2014,CZE,24800.0,36000000.0,82.54569243,3.892179242,2.715116132,19744.55861,194592000000.0,14.90725275,7.41091154,158319000000.0,78.82439024
2014,DEU,178600.0,114000000.0,45.65201629,0.243467402,1.595338098,47902.65288,3626230000000.0,19.64679604,11.29700067,1517920000000.0,81.0902439
2014,DJI,12950.0,14000000.0,39.14798129337704,9.634658835,6.000194324,1812.425386,578660241178.375,14.13973888,10.56825612,156643037474.63104,62.015512199999996
2014,DNK,17200.0,177000000.0,54.517854299999996,1.448071483,1.67593432,62425.5392,327782000000.0,16.77062335,10.80495696,167549000000.0,80.7
2014,DOM,71050.0,6500000.0,25.59871274,3.6566951580000002,7.608964836,6268.632482999999,68579919471.0,17.36030647,4.37577756,20047191744.0,73.50002439
2014,DZA,317200.0,438000000.0,30.46299675,0.7026036390000001,3.789121212,5496.000209000001,217060000000.0,9.90462275,7.20717804,68262397502.0,74.80809756
2014,ECU,40750.0,53000000.0,27.99145996,0.755615279,3.992708509,6432.295813000001,103833000000.0,10.22916129,9.16108824,30173593000.0,75.8724878
2014,EGY,835500.0,360000000.0,14.43455921,1.586473134,2.228791014,3365.707421,327261000000.0,5.58768476,5.64211505,69282077028.0,71.12170732
2014,ESP,200000.0,127000000.0,32.66738989,2.600261761,1.378998287,29600.47225,1342590000000.0,14.50363504,9.02988651,416194000000.0,83.22926829
2014,EST,5750.0,2000000.0,83.05695089,6.4159435,2.822922718,19941.4527,25291286492.0,13.538703699999997,6.37929421,20849846284.0,77.03414634
2014,ETH,138000.0,33000000.0,11.64161991,3.833689222,10.27918702,573.5659602999999,65320924465.0,15.74970497,4.88431325,16182860468.0,64.03502439
2014,FIN,25000.0,196000000.0,37.22222763,6.337634444,-0.631728091,49914.61864,275145000000.0,12.35047449,9.67990894,104007000000.0,81.18048780000001
2014,FRA,312350.0,17000000.0,28.947169199999998,-0.036921966,0.636621653,42843.01322,2895580000000.0,15.68728706,11.53951975,878275000000.0,82.67073171
2014,GBR,154700.0,211000000.0,28.07460164,2.379731735,3.070483794,46412.117269999995,3058440000000.0,16.52383126,9.11547172,901514000000.0,81.30487805
2014,GEO,32350.0,1000000.0,42.943617200000006,10.59799795,4.623331907,4429.650075,19402814465.0,5.00484907,7.416659200000001,9983201733.0,74.66863415
2014,GHA,15500.0,14000000.0,39.52355867,8.70971294,3.9858656239999997,1441.6364529999998,42248148888.0,6.81968861,3.55729189,18894242070.0,61.31163415
2014,GIN,12300.0,5000000.0,27.63430545,1.026559508,0.399998601,539.615775,8303460158.0,8.99599526,5.64479793,3509907331.0,58.73343902
2014,GNB,6450.0,215165420.22787395,18.81627716,2.601671079,2.5410751019999998,615.9396826000001,1246374818.0,7.78711165,5.59313736,346041319.4,55.16004878
2014,GRC,146950.0,199000000.0,32.50380497,1.142324192,0.352849233,21673.781069999997,241829000000.0,9.98286342,8.08426702,82484187484.0,81.43658537
2014,GTM,43050.0,17500000.0,23.15841855,1.985224047,4.174169137,3666.579838,64829817504.0,17.82988741,6.20230127,19706836895.0,71.72241463
2014,HND,18700.0,13000000.0,46.86933991,6.676995227999999,3.085214961,2434.2800460000003,23038253188.0,15.40435806,8.72268046,12741021868.0,73.13570732
2014,HRV,19550.0,63000000.0,46.27617156,6.930553371,-0.360434269,13480.65075,55970657667.0,13.99284874,7.80324176,25274881111.0,77.47804878
2014,HUN,38500.0,7000000.0,88.65527404,9.043195351,4.04732118,14117.976680000002,129625000000.0,10.1389949,7.40078093,113822000000.0,75.76341463
2014,IDN,676500.0,1124000000.0,23.63391577,2.8210102960000003,5.0238890519999995,3499.5887350000003,897517000000.0,5.73006505,2.84686016,217487000000.0,68.88848780000001
2014,IND,2749700.0,3199000000.0,23.03039091,1.7003242319999998,7.1794334829999995,1569.941828,2094440000000.0,5.04773107,4.68508833,529240000000.0,68.01380488
2014,IRL,9100.0,40000000.0,113.7867376,33.85693114,8.462366745,55503.327260000005,210356000000.0,13.44324909,7.78319657,245687000000.0,81.34878049
2014,IRN,563000.0,13000000.0,24.16879394,0.495030556,4.3433434019999995,5442.874771,402892000000.0,17.53158028,6.8949223,80361999599.0,75.38931707
2014,IRQ,209000.0,632000000.0,42.40794901,2.090580727,0.060108872,6484.529337,179631000000.0,6.46038337,5.53887318,47900000000.0,69.39968293
2014,ISL,200.0,50000000.0,53.25572689,4.463336157,1.9265264,52475.1278,16105580538.0,15.72585167,8.85916593,8075091023.0,82.86097561
2014,ISR,184500.0,510000000.0,32.21319652,2.182211133,3.163047034,37582.84624,303140000000.0,11.56967868,7.80830808,93835210598.0,82.15365854
2014,ITA,356850.0,145000000.0,29.3321353,0.7920685820000001,0.091894998,35365.104119999996,2088390000000.0,13.65207191,9.24791783,569165000000.0,83.0902439
2014,JAM,3450.0,1500000.0,31.25835512,4.1888553989999995,0.6946210840000001,4993.193756000001,16987600791.0,8.0754906,5.36152479,7434188643.0,75.6535122
2014,JOR,115500.0,196000000.0,43.33313351,5.6083634920000005,3.096330275,4830.976915,45287066620.0,13.6752807,7.45299586,24985070423.0,74.05214634
2014,JPN,259800.0,313000000.0,17.54637939,0.37967002,0.335664786,38139.422360000004,4968300000000.0,20.28215968,10.22874408,970348000000.0,83.58780488
2014,KAZ,70500.0,99000000.0,39.34175809,3.2024347989999997,4.2,12806.56511,191056000000.0,10.90237004,4.35593983,56749423662.0,71.62
2014,KEN,29100.0,17000000.0,16.92444637,1.538107198,5.331859403999999,1368.491132,72002099583.0,12.80118836,5.72029126,20997518260.0,61.57636585
2014,KGZ,20400.0,4000000.0,37.44865159,4.7253901560000005,4.024038629,1279.769783,11219237672.0,11.91937948,6.48376219,6547842569.0,70.40243902
2014,KHM,191300.0,72000000.0,62.32284324,10.31335356,7.071525352,1094.576688,17513617770.0,6.13494591,5.67563855,11192212102.0,68.21229268
2014,KOR,632500.0,717000000.0,50.27553375,0.657080499,3.341447519,27989.353989999996,1337180000000.0,12.2824337,7.37311255,635406000000.0,82.15585366
2014,KWT,22600.0,692000000.0,68.50599546,0.298715728,0.500109942,43332.40625,102498000000.0,5.76990192,3.04236844,51278988053.0,74.58502439
2014,LAO,129100.0,14750000.0,40.37318402,7.779549024,7.51652414,1754.8961960000001,13602123642.0,3.44296158,1.86554551,6602515542.0,66.11736585
2014,LBN,80000.0,6000000.0,57.49871515,6.354783415,1.8,8148.639167,51153274814.0,10.72474485,6.39370883,31717035500.0,79.37309756
2014,LBR,2050.0,215165420.22787395,24.98758073,35.77127368,0.7011416359999999,457.8585865,3421000000.0,11.86425744,10.03633328,1911000000.0,60.83441463
2014,LBY,7000.0,17000000.0,54.82944514,4.803079306530005,-62.07591958,5517.779568999999,31216304525.0,4.9278207,4.96893503,41375353662.0,71.71612195
2014,LKA,223100.0,5000000.0,20.91250593,1.116682998,4.878603033,3852.742066,86432021825.0,11.17345856,3.50335011,23142013117.0,74.79480488
2014,LSO,2000.0,215165420.22787395,39.14798129337704,3.7206146639999997,4.541778900000001,1203.695893,578660241178.375,13.08214286,10.61767672,156643037474.63104,49.70058537
2014,MAR,245800.0,560000000.0,34.33261593,3.2085736430000003,2.5510446680000003,3186.60876,123630000000.0,6.03489204,5.90777806,51473299787.0,74.01609756
2014,MDA,7750.0,215165420.22787395,41.53324409,4.383290949,4.7999997489999995,2244.763762,10936547066.0,13.31891989,10.32365569,6268987432.0,71.45587805
2014,MDG,21600.0,215165420.22787395,31.90790981,3.285258013,3.315854155,452.8103949,11831993170.0,10.18389375,3.04135502,4564172572.0,65.08560976
2014,MDV,192336.934,5000000.0,107.68370060000001,10.77420509,5.997326423,7716.204015,2523210196.0,26.59159495,13.73352009,2760959091.0,76.77282927
2014,MEX,336050.0,98000000.0,32.30931451,2.111390782,2.245308567,10353.447979999999,1311950000000.0,11.58149111,6.29642103,433203000000.0,76.72185366
2014,MKD,8000.0,1000000.0,47.84503154,0.537857525,3.540834355,5453.281275,13275010853.0,12.88853695,6.47637457,7371607213.0,75.34239024
2014,MLI,13800.0,7500000.0,23.1152469,1.028436991,7.043356204,819.6212972,15250995239.0,5.64283619,6.86216649,4484002505.0,57.98626829
2014,MLT,2130.0,12000000.0,147.3192551,-2.857009338,3.4609791569999997,25125.09562,9892530184.0,15.63718885,9.74992027,14973464243.0,81.94634146
2014,MMR,513250.0,101000000.0,20.09033989,3.316849948,7.991243344,1227.137217,66937456216.0,3.59309128,2.27575459,14536915096.0,65.85785366
2014,MNE,12180.0,215165420.22787395,40.14371641,10.82962864,1.783652671,7378.042270999999,5497958088.0,9.84266145,6.41654268,2751907145.0,76.18070732
2014,MOZ,11200.0,12000000.0,33.35927604,29.47209416,7.443837428999999,623.1979366,25679833888.0,8.8123221,6.97558186,14376816032.0,55.02595122
2014,MYS,133600.0,73000000.0,73.79205507,3.1412025530000003,6.01216652,11305.9001,306714000000.0,6.44961324,4.16907804,218113000000.0,74.71829268
2014,NER,10700.0,3000000.0,20.98005056,9.967752586,7.049797947999999,431.38168210000003,9747760485.0,7.56875312,5.82129922,3232319003.0,61.4584878
2014,NGA,162000.0,225000000.0,18.43512599,0.851655301,6.309718253,3080.31727,513963000000.0,8.1729178,3.66879844,68062321507.0,52.75426829
2014,NIC,12000.0,13000000.0,42.38646784,7.498586696,4.565212146,1960.4909079999998,13867943025.0,23.95122847,9.04013941,7075179822.0,74.81014634
2014,NLD,41900.0,11000000.0,82.56536874,11.52678064,1.419690296,52157.40687,784263000000.0,20.86258153,10.89729305,630902000000.0,81.70731707
2014,NPL,157750.0,5000000.0,11.50508764,0.153459045,5.988984661,703.1825707,25605990939.0,11.17908234,5.797226,8073401157.0,69.60468293
2014,NZL,8500.0,79000000.0,27.97065407,1.646667319,3.5761758,44380.42658,198729000000.0,23.35596618,11.0296101,54567551312.0,81.40487805
2014,PAK,925800.0,797000000.0,12.24258363,0.7640338879999999,4.674707981,1320.55355,260039000000.0,4.72960635,2.61391631,45594469822.0,66.18336585
2014,PER,158000.0,153000000.0,22.57770069,3.92223981,2.354333038,6490.18119,204312000000.0,15.000533800000001,5.47303468,48676833134.0,74.52553659
2014,PHL,165500.0,12000000.0,28.84456149,2.015057896,6.218425752000001,2873.088189,295015000000.0,10.006466699999999,4.7099852,92339910049.0,68.26563415
2014,PRY,25450.0,7500000.0,45.18906787,1.486407564,4.722333745,4712.870204999999,30168626195.0,11.91504137,9.81442131,13242370791.0,72.92170732
2014,QAT,11800.0,55000000.0,67.99807635,0.5044907270000001,3.9788821469999998,94944.08559,130000000000.0,5.83442378,2.18706236,64004395604.0,78.59680488
2014,RUS,1287000.0,202000000.0,27.05302069,1.067583597,0.731458212,14125.9061,1931440000000.0,9.49090422,7.07040825,426062000000.0,70.74365854
2014,RWA,35000.0,14000000.0,14.79147359,3.687059353,7.00913242,697.6265013,9224744549.0,9.85551258,7.53155111,2482908191.0,63.96565854
2014,SAU,251500.0,2731000000.0,47.03189288,1.062808358,3.638699049,24406.476459999998,654673000000.0,8.21100108,4.68408481,255383000000.0,74.33721951
2014,SDN,264300.0,61000000.0,8.149134518,1.523136574,2.679411813,2087.7005440000003,84748042950.0,11.64949118,8.42877471,9291097980.0,63.45853659
2014,SEN,18600.0,7000000.0,28.112258500000003,2.633764346,4.311051021,1041.717461,18215037387.0,8.03667306,4.66497201,7227241366.0,66.37258537
2014,SOM,17000.0,2000000.0,14.50327608,7.685496724,2.6982114735400002,536.9111436000001,8310000000.0,11.433665833446423,6.742246179071436,3482000000.0,55.35480488
2014,SRB,28150.0,215165420.22787395,43.37590345,4.522696071,-1.8313011069999998,6200.173221,49006378577.0,13.8617636,10.36881192,23972408894.0,75.33658537
2014,SSD,185000.0,35000000.0,20.15123091,0.007798669,3.3736484769999997,1115.093515,15123167119.0,4.0,2.73842073,4517586508.0,55.68221951
2014,SWE,30550.0,43000000.0,45.03314841,-1.5034243840000001,2.604326565,59180.198979999994,549054000000.0,19.03285179,11.92983965,233644000000.0,82.25365854
2014,SYR,280500.0,15000000.0,39.14798129337704,4.803079306530005,2.6982114735400002,13896.061104882936,578660241178.375,4.79576059,3.25453108,156643037474.63104,70.07102439
2014,TCD,39850.0,58000000.0,34.16136289,-4.852284264,6.899985045,1024.668354,15078296443.0,8.96652448,3.6211644,5912094411.0,51.55580488
2014,THA,453550.0,105000000.0,69.28534018,1.2305736,0.8176331020000001,5969.940116,377578000000.0,13.28262159,4.122164481,253392000000.0,74.42202439
2014,TJK,16300.0,3000000.0,9.055173094,3.348815586,6.69925066,1113.366354,12542295569.0,6.83602457,6.880884,4142350211.0,69.59797561
2014,TKM,36500.0,102000000.0,73.97709268,9.583389859,10.29999997,8199.009383,22568460228.0,8.6813085,2.06738625,14168082333.0,65.59853659
2014,TTO,4050.0,23333333.33,47.01966632,9.507980306,-0.575925253,19325.3855,22602496341.0,8.17159314,5.93319696,8734413927.0,70.44056098
2014,TUN,47800.0,46000000.0,45.56956543,2.152699489,2.86812367,4276.9603990000005,52831183366.0,14.16313675,7.00385794,26920539554.0,74.83534146
2014,TUR,612800.0,1556000000.0,27.88480083,1.5677624,3.020118213,10303.698709999999,832678000000.0,10.50117417,5.41495949,256635000000.0,75.1635122
2014,TZA,28400.0,26000000.0,19.41418065,4.242050711,6.965133317,957.9345343,53197273184.0,12.31454992,5.58011591,14357149892.0,64.94390244
2014,UGA,46800.0,178750000.0,17.86550549,3.813161327,5.183828963,734.7440153,30483785777.0,10.96659876,7.22213686,7682583315.0,58.46641463
2014,UKR,204000.0,1000000.0,48.59296182,0.634440717,-6.552618891,3104.658296,138184000000.0,10.79780149,7.09573611,69553702878.0,71.18658537
2014,USA,1381250.0,566000000.0,13.65646486,1.192236946,2.370457671,54539.66557999999,17901900000000.0,21.29327365,17.14075435,2884070000000.0,78.74146341
2014,UZB,68000.0,2000000.0,23.23672006,0.999609651,8.100000002,2036.6917230000001,65169953022.0,10.73773469,5.83852176,17082400000.0,68.33902439
2014,VEN,265000.0,171000000.0,16.69382735,1.2451156909999999,-3.894386475,11930.40635,348971000000.0,5.80394653,5.2567025,88106223754.0,74.23619512
2014,YEM,20000.0,6000000.0,21.48362717,-0.5392373460000001,-0.18869023199999999,1650.9745970000001,46198093917.0,3.93250762,5.63699019,12256577784.0,63.81819512
2014,ZAF,82250.0,50000000.0,31.181918300000003,1.648613084,1.628871543,6488.016875,357358000000.0,14.22850541,8.79698456,115597000000.0,57.18212195
2014,ZWE,50800.0,215165420.22787395,27.06147058,3.330301571,3.848290307,931.1981847000001,17808314800.0,8.48665324,6.43947119,7453295600.0,57.49831707
2015,AFG,319400.0,116000000.0,7.149601181,0.8746785140000001,0.840718528,594.3230812,27581862835.0,11.10824913,8.177010988,9632686177.0,60.71717073
2015,ALB,8500.0,7000000.0,27.18895969,8.696486632000001,2.8000000010000003,3945.217582,13417641369.0,9.673186925,5.710520755,5118353251.0,78.01446341
2015,ARE,63000.0,1249000000.0,97.35916929999999,2.37515194,3.757642853,40438.762930000004,317553000000.0,8.692911898,3.569871858,307774000000.0,77.5412439
2015,ARG,105450.0,20000000.0,11.00846791,2.048649593,2.647271419,13467.415640000001,589621000000.0,8.799077553,5.17114489,69277437464.0,76.33421951
2015,ARM,49100.0,10500000.0,29.79619597,1.694841176,3.0,3489.12769,11810069838.0,7.28898882,4.3065188580000004,4418183192.0,74.79712195
2015,AUS,57800.0,1529000000.0,19.79747911,2.885369486,2.240028575,56290.646810000006,1358050000000.0,17.39623465,9.335692603,284024000000.0,82.45121951
2015,AUT,21350.0,6000000.0,53.06020629,1.1413482609999999,0.963058399,43636.7537,361841000000.0,16.27091696,11.11176427,184902000000.0,81.84390244
2015,AZE,81950.0,338000000.0,37.81417829,7.630251081,1.1,5497.488414,51461253172.0,3.709970198,5.487659075,18473453055.0,70.84878049
2015,BDI,41000.0,1000000.0,6.053185785,1.6008775780000002,-3.904919353,277.0683092,3830656553.0,13.71040575,8.08818691,920818634.2,57.10704878
2015,BEL,36350.0,56000000.0,82.92778621,-4.569935193,1.5002308009999998,40454.169969999995,447487000000.0,14.99891626,10.53272489,369794000000.0,81.28780488
2015,BFA,11450.0,8000000.0,25.16731788,1.567654644,4.021049409,589.7744141,12288219288.0,12.10024294,5.342251855,4297434374.0,58.93129268
2015,BGD,220950.0,625000000.0,17.33667493,1.732763211,6.5526333160000005,1211.7015310000002,209539000000.0,6.396237308,2.984734473,48280651359.0,72.00119512
2015,BGR,47300.0,3000000.0,64.10718625,3.6858018439999998,3.617442633,6993.477359999999,50124955792.0,11.11580779,7.5904519,32107080027.0,74.46585366
2015,BHR,19460.0,17000000.0,75.16587578,-4.699521162,2.862955875,22600.2141,22523570479.0,9.765577965,4.358760193,14689162234.0,76.81909756
2015,BHS,1300.0,22000000.0,38.61586745,0.8592786570000001,-1.6636441069999999,22817.23086,9613447900.0,14.90972515,7.462933702999999,4178792000.0,75.39682927
2015,BIH,10500.0,215165420.22787395,32.94697144,1.81234205,3.0348267239999998,4249.330313,22254524203.0,14.3365323,9.672025198,10100475135.0,76.58858537
2015,BLR,158000.0,96000000.0,60.02223521,3.025693806,-3.8876985019999997,5754.601939,54502878167.0,13.47633438,5.422917452999999,32671435530.0,73.62439024
2015,BLZ,1500.0,215165420.22787395,63.41793539,3.3727271919999997,1.043801055,4878.721267,1898812820.0,13.27922122,5.65946267,1257580030.0,70.19236585
2015,BOL,71200.0,21000000.0,30.87047287,1.525695012,4.8487237610000005,3076.791811,34997973951.0,11.52655146,5.837142065,12186830680.0,68.73960976
2015,BRA,729500.0,230000000.0,12.88922123,4.162362675,-3.7692526689999997,8677.768107,1824890000000.0,7.233532283,8.289257105,253714000000.0,74.67587805
2015,BTN,192336.934,1000000.0,32.88441065,1.634554401,6.4913705870000005,2655.998892,2615412794.0,9.000048915,3.958528353,1234209119.0,69.83285366
2015,CAF,8150.0,7000000.0,12.61192312,0.189420635,4.799886081,323.201674,1931681474.0,13.00764014,3.8444715680000003,547649421.5,51.41912195
2015,CAN,67500.0,413000000.0,31.57971053,3.522804718,0.941675857,43315.70044,1589910000000.0,18.57749438,10.67881434,527476000000.0,82.13763415
2015,CHE,20950.0,2000000.0,62.90302033,14.54666544,0.842236938,80999.28742000001,592216000000.0,22.167554100000004,11.54200158,343373000000.0,83.19756098
2015,CHL,109450.0,144000000.0,29.98012754,8.495655832999999,2.305566995,13416.23004,241454000000.0,15.04805034,7.389919483,72848975266.0,81.78756098
2015,CHN,2843000.0,1143000000.0,21.97322516,2.2581698119999998,6.9183364229999995,8069.2119379999995,10679200000000.0,10.45496867,5.306827823,2045760000000.0,75.98634146
2015,CIV,25000.0,6000000.0,39.49339347,1.3544333219999998,9.163380703,1398.9899580000001,30720008453.0,8.235901112999999,6.02239144,11503564705.0,51.9197561
2015,CMR,23400.0,7000000.0,19.52923256,2.442492799,5.773247581000001,1217.26067,31420434035.0,5.19057472,4.174389658,8553900206.0,55.93439024
2015,COD,134250.0,1000000.0,29.49043932,-1.441011986,6.91618781,456.0527405,37169842041.0,9.775370938,3.878784113,12323864766.0,59.02390244
2015,COG,12000.0,2000000.0,69.27556056,17.375788500000002,2.646447935,1851.199916,10870609712.0,8.426599598,4.253137658,8242700935.0,62.86765854
2015,COL,481100.0,207000000.0,14.71463409,4.016784073999999,3.0832859669999997,6056.147717,319890000000.0,18.92704212,6.903439425,70788632723.0,74.18202439
2015,CYP,12750.0,23500000.0,61.21776699,40.95682557,1.6792737290000002,23075.1127,19494510369.0,7.551278145,7.450618935,11908727958.0,80.30709756
2015,CZE,25050.0,36000000.0,82.9552443,1.338614175,4.535628699,17556.9243,173806000000.0,14.67318124,7.486602145,142247000000.0,79.47317073
2015,DEU,177300.0,101000000.0,46.78118055,1.374396924,1.7207335,41178.4566,3108880000000.0,19.07280796,11.09661513,1318900000000.0,81.0902439
2015,DJI,12950.0,1000000.0,39.14798129337704,7.179989837000001,6.500508308,1945.124293,578660241178.375,14.13973888,9.341604643,156643037474.63104,62.28565854
2015,DNK,16600.0,46000000.0,55.22701341,0.626823348,1.606086132,53014.64416,279007000000.0,16.36280234,10.97533225,144102000000.0,81.1
2015,DOM,71050.0,1000000.0,24.71965903,3.29546802,7.040936189,6468.473492,71210244328.0,15.47590332,4.244466923,19942361221.0,73.67668293
2015,DZA,317200.0,883000000.0,23.56447598,-0.24481028300000002,3.763466957,4154.119692,186571000000.0,9.801570157999999,6.441900445,60621193744.0,75.04253659
2015,ECU,40750.0,27000000.0,20.67359743,1.0581923690000001,0.157743724,6205.064145,103169000000.0,8.228007575,7.210626627999999,23702545000.0,76.10292683
2015,EGY,835500.0,1404000000.0,13.2068483,2.0813925159999997,4.2,3614.7467659999998,358700000000.0,5.809337182999999,5.359476145,71606518099.0,71.31695122
2015,ESP,199950.0,164000000.0,33.17776689,2.1207994169999997,3.204680464,25684.72442,1163680000000.0,14.60128095,9.248204248,366560000000.0,83.3804878
2015,EST,6400.0,18000000.0,79.28571852,-2.90307347,1.444213103,17084.51742,21527725408.0,13.09382762,6.264352672999999,16875413109.0,77.13170732
2015,ETH,138000.0,10000000.0,9.827308784,3.522278445,9.607518001,619.1694065,72320606511.0,17.30881369,5.598392315,16828592317.0,64.57804878
2015,FIN,24900.0,288000000.0,36.84102505,7.326290352999999,0.268556389,42403.46748,233043000000.0,12.33531763,9.384082767999999,86292558501.0,81.38536585
2015,FRA,306350.0,42000000.0,30.02763789,1.445685417,1.274180325,36352.48007,2452150000000.0,15.61393404,11.46842061,759632000000.0,82.67073171
2015,GBR,152350.0,397000000.0,27.63080748,2.042946648,2.194229035,43929.69081,2906600000000.0,16.3638958,9.301022945,836052000000.0,81.60487805
2015,GEO,26050.0,2666666.667,45.04206124,11.24959092,2.774928095,3757.064863,16740317763.0,4.596160423,8.15426601,9065229586.0,74.81741463
2015,GHA,15500.0,13000000.0,43.85040613,8.503022714,3.9172216439999996,1369.7011220000002,41878669805.0,10.18659134,4.445241663,20798224964.0,61.49173171
2015,GIN,12300.0,3333333.333,26.80918101,1.268807545,0.09999452800000001,531.3205952,8339437677.0,8.93210005,5.3150746280000005,3436235738.0,59.19343902
2015,GNB,4450.0,215165420.22787395,27.93465166,1.735877968,4.796779831,572.9884285,1116461986.0,9.335283098,5.787539653,354892043.8,55.46731707
2015,GRC,146950.0,763000000.0,31.91500255,0.585539942,-0.219147178,18006.97033,194571000000.0,10.91566226,9.088911677999999,61906719419.0,81.58780488
2015,GTM,43050.0,33000000.0,21.289962600000003,1.8426820430000002,4.148784475,3903.478856,69378360147.0,15.93502294,6.277941113,19165958549.0,71.9564878
2015,HND,18700.0,6000000.0,44.84620151,6.447685937999999,3.643017191,2528.89355,24044159911.0,15.45291494,9.05518393,12781220839.0,73.33312195
2015,HRV,18550.0,11000000.0,49.37837524,0.32621014,1.644613259,11592.9102,47396969876.0,13.7835658,7.806959008,22728037837.0,77.27560976
2015,HUN,38500.0,6000000.0,90.72670406,-2.156125736,3.148083829,12365.62603,110870000000.0,10.19851675,7.627186485,99582773218.0,75.96097561
2015,IDN,675500.0,441000000.0,21.0919758,2.326659701,4.7939213039999995,3346.487039,859812000000.0,5.919800642999999,2.845953003,179676000000.0,69.07168293
2015,IND,2798800.0,2858000000.0,19.95303075,2.106885336,7.933744292999999,1593.257703,2137150000000.0,4.653782695,4.483599777,465096000000.0,68.34856098
2015,IRL,9100.0,43000000.0,123.9945912,71.71697540000001,26.27605727,61093.69108,193638000000.0,13.1194497,8.06459022,261711000000.0,81.50243902
2015,IRN,563000.0,13000000.0,24.91664264,0.651854092,-0.106807106,6914.792787,497722000000.0,16.33053295,6.873984605,100323000000.0,75.59134146
2015,IRQ,209000.0,1403000000.0,34.83577545,1.841687642,3.0199245639999996,4943.760388000001,157095000000.0,6.06325942,5.01028208,39754541398.0,69.59026829
2015,ISL,250.0,50000000.0,53.70327118,6.1933693089999995,4.170019104,50722.00108,15516578538.0,15.58720159,8.737551325,7748173191.0,82.86097561
2015,ISR,184500.0,672000000.0,30.72474005,3.844220405,2.507836062,35729.37253,290380000000.0,11.59051663,7.707604125,82958732119.0,82.05121951
2015,ITA,356850.0,294000000.0,30.05762678,0.7141283820000001,0.7317305609999999,29993.07605,1765460000000.0,13.81874128,9.25555094,491460000000.0,83.4902439
2015,JAM,3450.0,2000000.0,29.80548743,6.485524613,0.996498915,5105.793012,16452855530.0,7.84717321,5.53398926,6441580550.0,75.79817073
2015,JOR,115500.0,236000000.0,37.58818258,3.3978590810000004,2.382686856,4940.045836,46109522958.0,15.65308625,7.769236873,22694225352.0,74.20334146
2015,JPN,259800.0,351000000.0,17.63587721,-0.000955628,1.219438139,34523.700769999996,4397230000000.0,20.04135182,10.17944398,787152000000.0,83.84365854
2015,KAZ,70500.0,422000000.0,28.45629411,3.571056195,1.2,10509.98107,177435000000.0,10.81301535,4.256411655,45516465422.0,72.0
2015,KEN,29100.0,30000000.0,15.76902012,2.266631539,5.649197077999999,1376.7128289999998,71810159382.0,12.57908811,5.502539125,18409367768.0,62.13373171
2015,KGZ,20400.0,4000000.0,36.15466598,17.33544942,3.4692810260000004,1103.2338710000001,8942530572.0,12.21351464,6.578927015,4746708531.0,70.65121951
2015,KHM,191300.0,72000000.0,61.71842376,9.42367263,7.036087179,1158.6899039999998,18849065382.0,6.756192887,5.872273333,11939258369.0,68.65614634
2015,KOR,634500.0,275000000.0,45.90114215,0.365926294,2.611935409,27221.52405,1281980000000.0,12.04394623,7.103787992999999,536567000000.0,82.15585366
2015,KWT,22600.0,359000000.0,54.37855165,0.24960067,1.846999262,29300.57558,103646000000.0,5.76990192,2.697756393,51618477900.0,74.69790244
2015,LAO,129100.0,7000000.0,36.00914865,8.724534716,7.350386007999999,1818.441373,14218363217.0,3.48553057,2.0451594980000003,6303283594.0,66.53987805
2015,LBN,80000.0,50000000.0,56.96356427,4.97376145,1.3,8047.6450859999995,50852933001.0,10.43300123,6.785703398,30589354993.0,79.62860976
2015,LBR,2050.0,215165420.22787395,23.47783731,35.12095156,6.399866517,455.87393449999996,3396400000.0,12.31995304,10.17737216,1825400000.0,61.16095122
2015,LBY,7000.0,44000000.0,54.82944514,4.803079306530005,-62.07591958,5517.779568999999,31216304525.0,6.054109185,4.59314788,31727246377.0,71.82631707
2015,LKA,265200.0,15333333.33,20.52559996,0.827588233,4.785984567,3926.174396,88429273743.0,8.833732108,3.417870003,23008989606.0,74.95319512
2015,LSO,2000.0,215165420.22787395,39.14798129337704,4.970033497,1.611940435,1066.985626,578660241178.375,13.37580355,11.15600155,156643037474.63104,49.96121951
2015,MAR,245800.0,46000000.0,34.29424886,3.233728717,4.508487465,2878.2013420000003,108430000000.0,5.976089215,5.994682063,42334627162.0,74.28931707
2015,MDA,7550.0,215165420.22787395,43.32076424,3.56881381,-0.500000006,1848.083643,8597209662.0,13.4448983,10.71572928,4874353733.0,71.62643902
2015,MDG,21600.0,215165420.22787395,34.42444524,5.313417322,3.0541560160000003,401.836006,10721888534.0,14.55992646,3.7202149280000003,4335713247.0,65.48278049
2015,MDV,192336.934,5000000.0,91.69471385,8.695752099,2.846643498,8395.785198,3016828963.0,21.33326789,10.54387161,2731522065.0,76.979
2015,MEX,336050.0,392000000.0,35.35557213,2.8732539530000003,2.464955925,9005.024265,1168010000000.0,11.49730408,6.212493345,428616000000.0,76.92068293
2015,MKD,15600.0,1000000.0,48.52530884,2.9407453410000004,3.665280361,4852.657848,11727950923.0,13.20522786,6.480985978,6536202629.0,75.49534146
2015,MLI,15800.0,7500000.0,22.41046159,1.199851437,5.962581591,724.2562832,13675318653.0,8.745296055,6.62348183,3785221526.0,58.45721951
2015,MLT,2130.0,9333333.332999999,140.5784898,27.88867371,6.154958235,22567.87599,9464677831.0,15.67264733,9.797940127999999,13419651769.0,81.94634146
2015,MMR,513250.0,245000000.0,20.78017186,6.523610224,7.294031845,1161.488158,66204479315.0,2.986281445,2.130160528,16612149073.0,66.04207317
2015,MNE,12050.0,215165420.22787395,42.7745155,17.55018047,3.1511913810000003,6408.428758,4735016231.0,9.66016086,6.753538988,2453400898.0,76.33770732
2015,MOZ,11200.0,10500000.0,31.68098422,26.12503614,6.609723214,529.2425561000001,20186229107.0,8.546537355,6.17192422,10070180704.0,55.3712439
2015,MYS,133600.0,117000000.0,70.90440692,3.700082229,4.968785216000001,9768.32686,273606000000.0,6.097981992,4.021596345,187401000000.0,74.87517073
2015,NER,10700.0,9000000.0,17.17690863,7.349613108,3.605301605,358.958152,8733159805.0,7.82798878,5.920177155,2817146688.0,61.96902439
2015,NGA,200000.0,183000000.0,10.65669501,0.642694681,2.6526936230000002,2671.721164,487443000000.0,7.375511407,3.589704755,52526089505.0,53.04887805
2015,NIC,12000.0,15000000.0,37.5207427,7.483910545,4.928954392,2086.895003,14970028237.0,20.39319142,7.97618267,7039809650.0,75.09812195
2015,NLD,41310.0,64000000.0,82.46333132,13.56674018,1.9517109819999998,44290.86886,669407000000.0,20.40760308,10.87041815,537832000000.0,81.70731707
2015,NPL,158600.0,14000000.0,11.67499116,0.244850078,2.725272191,743.3229657,27550737290.0,12.66363386,6.02632112,8830350548.0,69.97334146
2015,NZL,8950.0,86000000.0,28.98486781,-0.077794342,3.392999933,37807.967280000004,181913000000.0,22.88934677,11.24373296,51166594660.0,81.45682927
2015,PAK,935800.0,723000000.0,10.58509397,0.361188124,4.712457804,1434.696665,288490000000.0,4.72610871,2.77098435,46130517125.0,66.37697561
2015,PER,158000.0,248000000.0,21.29796673,4.133609737,3.251202425,6027.125854999999,193673000000.0,14.10405163,5.201978195,44839145036.0,74.78073171
2015,PHL,165500.0,153000000.0,28.18935163,1.9952919980000001,5.905014562000001,2904.2020820000002,311919000000.0,8.822460843,4.503963078,101908000000.0,68.4067561
2015,PRY,25450.0,7500000.0,42.67749202,1.163601588,2.9622363110000003,4080.951448,26850143249.0,12.00272337,10.01654295,11319218123.0,73.02563415
2015,QAT,11800.0,518000000.0,56.05586564,0.6504309229999999,3.551015687,73653.39443,131622000000.0,5.658816312999999,2.103915563,59271428571.0,78.76258537
2015,RUS,1490000.0,118000000.0,28.66724664,0.474307405,-2.828240814,9329.298351000001,1255730000000.0,9.885245722999999,6.913408098,281420000000.0,70.90853659
2015,RWA,35000.0,27000000.0,14.42521843,3.992168548,6.904203115,697.3482281,9430284069.0,10.20703317,7.65191891,2502166857.0,64.52453659
2015,SAU,251500.0,3347000000.0,33.74978896,1.260217205,3.485616792,20481.745319999998,678484000000.0,7.7993734429999995,4.08964813,250506000000.0,74.49334146
2015,SDN,264300.0,116000000.0,8.182226093999999,1.787601504,4.906045175,2414.723601,99814652483.0,11.68701581,8.270106803,10608066667.0,63.71073171
2015,SEN,18600.0,15000000.0,29.18622591,2.536456651,6.485194754,899.5798795,15913212803.0,7.824919025,4.475903175,6275465528.0,66.80441463
2015,SOM,19800.0,1000000.0,14.497890300000002,8.708860759,2.6982114735400002,549.2669766,8719000000.0,11.433665833446423,6.742246179071436,3653000000.0,55.68558537
2015,SRB,28150.0,215165420.22787395,46.67367451,6.3109037489999995,0.7577151529999999,5237.255334,40784464679.0,13.77409699,10.02468926,20968224837.0,75.48780488
2015,SSD,185000.0,18000000.0,9.776991662,-3.072581327,-6.349777952,730.5801008999999,13324649067.0,4.0,2.710499533,5190845385.0,56.1115122
2015,SWE,30550.0,45000000.0,45.59012299,1.6127490169999998,4.084960074,50585.25847,472166000000.0,19.12104486,11.85031151,202459000000.0,82.55121951
2015,SYR,277500.0,278750000.0,39.14798129337704,4.803079306530005,2.6982114735400002,13896.061104882936,578660241178.375,4.79576059,3.249052003,156643037474.63104,70.08931707
2015,TCD,39850.0,30500000.0,29.83252711,5.512268595,1.799999521,775.6950905,11703933110.0,7.379106877999999,3.30192014,4063538645.0,51.87331707
2015,THA,454550.0,166000000.0,69.05905866,2.278402023,2.8283352880000003,5814.769764,350447000000.0,13.34114073,4.103901649,228179000000.0,74.60119512
2015,TJK,16300.0,3000000.0,10.50383272,5.426250498,6.0,925.9118877000001,10349492009.0,6.97043657,6.501809728,3320954925.0,69.76843902
2015,TKM,36500.0,172000000.0,73.97709268,11.87789124,6.49999991,6672.477543999999,22568460228.0,8.6813085,2.032751525,14168082333.0,65.73643902
2015,TTO,4050.0,46000000.0,41.11423656,6.870355696,-0.578521568,17321.884680000003,24028169270.0,7.851120305,5.688789422999999,10155102973.0,70.55770732
2015,TUN,47800.0,7000000.0,40.79195624,2.244977219,0.994642523,3822.3560060000004,47741945351.0,14.28354785,7.15046719,22273552202.0,74.97597561
2015,TUR,512000.0,458000000.0,27.96104197,2.377417539,3.97194515,9125.687590000001,738553000000.0,10.75676097,5.330639985,221400000000.0,75.42621951
2015,TZA,28400.0,20000000.0,21.62126362,4.296859373,6.959374422000001,878.9751054999999,47783148563.0,13.8948857,5.64730086,12020304902.0,65.4874878
2015,UGA,46400.0,5000000.0,17.71037625,3.840647324,5.143837727,705.2925695,30572516325.0,13.636271599999999,7.84222727,7918800323.0,59.17907317
2015,UKR,256000.0,18000000.0,52.76904082,3.3658877830000002,-9.869784362,2114.954716,92422097809.0,11.5548093,7.304024145,49623753130.0,71.1895122
2015,USA,1347300.0,528000000.0,12.55395681,2.103683567,2.5961480409999997,56115.71842999999,18558600000000.0,20.40334911,17.02824225,2786280000000.0,78.74146341
2015,UZB,68000.0,93000000.0,20.66526968,1.60100283,7.999999997000001,2132.1112399999997,67739636535.0,9.750402223,6.074005795,14797400000.0,68.45307317
2015,VEN,265000.0,162000000.0,24.39320863,1.2451156909999999,1.812772474,11930.40635,348971000000.0,6.730413108,5.06001576,88106223754.0,74.40960976
2015,YEM,20000.0,13000000.0,10.24093793,-0.040930835,-28.09683489,1406.291651,42354274536.0,4.023829675,5.546876853,8484661920.0,64.03139024
2015,ZAF,82150.0,2000000.0,30.722953399999998,0.483558679,1.264651378,5718.244732,317738000000.0,14.36428742,8.745136328,99812131140.0,57.44090244
2015,ZWE,50800.0,215165420.22787395,25.9061824,2.768533555,0.47426393200000005,924.1438193,17848736200.0,8.841558008,6.578355553,7165010900.0,59.16107317
