year,country_code,terror_count,debt,expense,inflows,gdp,gdp_growth,gdp_per_capita,gdp_per_capita_growth,imports,inflation,military_expenditure,research_expenditure,trade
2012,AFG,1446,,41.0323120371052,0.29959210169275896,20536542736.7297,14.434741287952399,690.8426290149561,10.902257883783099,,8.304760856158401,1.1447151131951,,44.659247762082
2012,DZA,41,,,0.71773316841545,209047389599.67,3.39999999999992,5583.61615950131,1.4051697105299499,13.900000084339599,7.452373539400001,4.46132676513988,,65.34691397552321
2012,ARG,2,,,2.7915772468707596,548934618735.75604,-1.05287445030977,13040.306395228,-2.08619708968207,-4.7282632033675895,22.309010245459298,0.7806005985009808,0.6093900203704828,30.3622409032088
2012,BHR,26,,,2.89835267009983,30749308510.6383,3.72810843046017,23057.7675759542,1.58420683897442,2.34386727377999,3.0147658518398797,3.84457702733326,,122.190085575355
2012,BGD,18,,9.40257015132424,1.1881028498084,133355749482.47801,6.5214350783733295,858.933362587621,5.25094010062226,10.5185591685069,8.164597745605919,0.00141461266724646,,48.1109227476789
2012,BLR,3,25.224401368516002,28.521435150573502,2.30069912575244,63615445566.8483,1.7313912233862998,6721.834907739681,1.82813493862413,10.900101662082,75.4385806262073,1.2843894331255201,0.667050004005432,158.067654620344
2012,BEL,1,8.10841081073269,45.8021043091344,1.34234394184714,497884216568.867,0.137127795952139,44740.5832481477,-0.5872666020356121,1.40479628564788,2.07412995040701,1.03819328046625,2.3626899719238303,163.994977033554
2012,BOL,1,,,3.9135475866521903,27084515195.369,5.12237099267816,2645.29199871713,3.4742553824873297,4.28376767160621,7.099966722925661,1.8455934684805,,84.948758776195
2012,BRA,1,59.959676842251206,28.620479722252497,3.5196474877547206,2460658440428.04,1.91545862251942,12157.3082176473,0.966806342975872,0.7254482948624459,7.8179154478924,1.38119466190808,1.15113997459412,24.8108787676512
2012,BGR,2,17.097964492107803,30.5007024038605,3.3170307086109196,53903028252.2996,0.0309436075978766,7378.025539441559,0.6120246817542779,5.549244384686769,1.55532399363496,1.4981641546911397,0.608479976654053,124.77632455489099
2012,BDI,4,,,0.0244670500056161,2472384906.99794,4.01936552951105,244.19648623151002,0.583540267984489,4.56511013727257,15.4165011550702,2.38501869074756,,46.418980043881795
2012,CAN,2,54.77537952433829,17.559775906184303,2.70668835540713,1824288757447.57,1.74547228318005,52495.2884719937,0.548890948325493,3.59401036907079,1.2212523760043001,1.1210999732281202,1.78606998920441,62.3971367253161
2012,CAF,3,,9.40636812440307,3.2064681857572,2184183758.31567,4.11279786850471,472.818218057294,2.11602731914746,,2.5799758050627,,,33.2096656308712
2012,CHL,2,,20.4086438589065,10.729129991493199,265231582123.55,5.45713060960065,15253.3308268909,4.32221527677139,4.7772220863227695,0.85003056233262,2.06467529392943,0.364789992570877,68.8127223754656
2012,CHN,4,,,2.8177390049720494,8560546868811.69,7.8562621102694,6337.8829926902,7.33203098425359,,2.39247173876255,1.83921096459762,1.9280999898910502,48.1078613378601
2012,COL,115,65.4503129801084,25.118421955919498,4.06843706851889,369659700375.52,4.0439438063715,7885.061292302141,2.99071705050034,9.07429035697965,2.98898695559318,3.1667770685294503,0.20692999660968803,38.296097795977396
2012,CYP,1,119.21765038269899,40.2640365747162,198.30544775022202,25012206090.1966,-3.15777767372168,28951.155559898598,-4.622161161640969,-4.4355898950264105,1.87860372286728,1.65716340473622,0.429250001907349,108.495916165819
2012,COD,23,,,,,,,,,,,,
2012,ECU,1,,,0.6449112785348989,87924544000.0,5.641962066712001,5702.168287893771,3.98251343516071,0.834861393950973,4.985253061241219,2.9454528646745097,,61.751112408385104
2012,EGY,48,,29.0029578655077,1.01236343414222,276353323880.224,2.19387835367519,3226.13137881998,-0.0409396046487984,10.6778442555455,18.2288988841076,1.66618374984909,0.541029989719391,41.1565857780997
2012,ETH,3,,,0.643172898229037,43310721414.0829,8.647811635390969,469.792303889824,5.89893082985817,22.2064107242975,33.541405015517604,0.868362090380475,,45.397904186183396
2012,FRA,65,88.9239643514465,48.577611888090104,1.22884522558597,2681416108537.39,0.18269303354747998,40838.024436834,-0.301002029280724,0.661866476951829,1.15764891531541,2.23893577596555,2.2290699481964102,59.2003848717422
2012,GEO,3,32.530698113925396,25.3809303514444,5.24567707111166,15846474595.773,6.350481944474501,4142.8691753655,7.74068432283363,15.5572873935659,1.07121279782194,3.1046060682171,,95.9488473459616
2012,DEU,5,55.159774640534295,28.422737522931104,1.84719447462816,3543983909148.01,0.49199282913805603,44065.2489082767,2.2061181587931,-0.0654085887921241,1.5402940792813102,1.3112614474342499,2.87167000770569,85.87475437413441
2012,GRC,22,165.477789379429,55.1254423393508,0.677055667877697,245670666639.047,-7.3004939353207305,22242.681934771,-6.797860844307821,-9.099416793155099,-0.37039202748511,2.4076913754334397,0.699570000171661,61.8177666440886
2012,GTM,1,24.311273592067103,12.9637204910218,2.5077953919544598,50388418158.5954,2.96985742688504,3278.6263457313203,0.829365336347124,2.79189191436981,3.32250786709392,0.44527422740847,0.044709999114275,60.9824745462521
2012,GNB,1,,,0.6654316011382839,995581992.41106,-1.79798850906946,580.6429368670961,-4.152552724116299,-18.379242533565396,-0.7800969942492059,2.4600429043676497,,39.8763616426401
2012,ISL,1,112.51208085461398,34.3575824041056,1.68194608334806,14194519025.2641,1.18293161147011,44258.8427932005,0.645966353725797,4.605229349412769,3.18879675604546,0.12289565134132001,,107.909253220238
2012,IND,591,50.6406957660857,16.1548022945997,1.31196709104953,1828985283085.0,5.61856277332065,1447.4519469251502,4.26917944927207,5.996182064138679,7.851683150686379,2.53547653435491,,55.7526181739149
2012,IDN,39,25.0344008432508,15.6134649232689,2.3097803266511003,917869910105.749,6.0300506530561195,3700.5235249546704,4.6494769163569005,7.99841121699345,3.75387875323653,0.711549473406383,,49.5828982992627
2012,IRN,5,,,0.7938794305205341,587209369682.67,-6.60868725474589,7710.513313884509,-7.80145181131617,-23.0999095166162,21.801348486758698,2.8088617446572997,0.32506000995636,43.092865221518295
2012,IRQ,1423,,,1.55962597184201,218000986222.63898,13.9364301737537,6614.584821157261,10.168706472848099,,2.66976938276827,2.7773375441457997,,73.6086845912812
2012,IRL,29,129.82036518055,39.010341514619796,18.1391330101658,225819184920.64,-1.1028803800650702,49231.36161998849,-1.3207090340593102,5.3882612630258295,2.68294977996271,0.512592551809914,1.56360995769501,196.398792150785
2012,ISR,66,,38.3309202985374,3.28657855272734,257641795689.722,2.3818002624543197,32569.596825702796,0.509017695236409,2.10616051951959,3.75360849160637,5.7218901372483595,4.12858009338379,72.05611606527211
2012,ITA,10,127.035920607563,42.4590389615545,0.00167945481475096,2072823111961.1,-2.81901912719412,34814.1243593936,-3.08060924262115,-8.054782596586339,1.3801535802849498,1.6273830134051999,1.26976001262665,56.184884487104995
2012,CIV,15,,15.200210938982698,1.2214036245155602,27040562587.1771,10.7065041030832,1281.38286516731,8.0914873194607,34.7947386742675,4.1174030072391,1.50735197528083,,92.8080889884346
2012,JOR,2,66.8235275907244,29.5254363154426,4.89130822990784,30937277605.6338,2.65120334919015,4423.11735483368,-0.784176165224693,4.43665983371749,4.50061041731146,4.7606545093684804,,120.511436790707
2012,KAZ,4,10.4981138465889,15.7960435478034,6.5616482114597305,207998568865.78897,4.799999999999709,12387.189822530801,3.33439121456311,24.799999050337302,4.78556980595147,1.04690648548282,0.16888999938964802,73.72373248916709
2012,KEN,80,,19.5580920250809,0.324161235141176,50410164013.5527,4.55494279644424,1184.92325604363,1.7949641677964399,5.36609871245825,9.38280668213014,1.6664746215283102,,55.222098442416105
2012,LAO,1,,11.9300597869618,3.1462923057176804,9356251339.55418,8.02628327936989,1445.4162009491902,6.254936273931089,,4.548182525955401,0.217257566790893,,90.4795660483897
2012,LBN,15,,27.302688114211502,7.310703575735719,43205095854.062996,2.2,8773.93195644805,-4.7020625446641,0.8016309199595921,5.479452054794519,4.06714508002419,,133.548375775249
2012,LBR,1,0.444566592616702,0.337713312037308,37.2572745606454,1735500000.0,7.99445127045679,414.18515544174403,5.14440528983356,3.84459310053241,3.9877707307235,0.8746182656295021,,155.632382598675
2012,LBY,58,,,,,,,,123.27324285425101,,,,
2012,MKD,1,,29.3726417014675,3.46744525947267,9745251126.0109,-0.45618441209266797,4709.5116277773795,-0.618878108090911,8.23907750264161,1.00299947263073,1.2253188858867399,0.32675999402999895,112.215048971187
2012,MDG,1,,9.911049599458641,8.17057568620476,9919780071.308321,3.0275080876082097,444.95849375108,0.186045450139446,3.5605337977674596,5.49007827330917,0.691911720835185,,72.976722932625
2012,MYS,2,51.646484791264,20.9798496989965,2.82905937873585,314442825692.826,5.47438546268495,10834.6590783671,3.8426945818830003,2.9120468017312096,0.9989365513304159,1.4334090775710902,1.0926899909973102,147.841804023883
2012,MLI,12,,11.989087520228699,3.19756729335009,12442747897.2223,-0.836178865643376,772.2499216731869,-3.74861278254156,-5.28652652329572,4.60482136424292,1.1964057452663301,,59.120594550686704
2012,MEX,16,,,1.73167503737623,1186598324461.82,4.01817386885878,9720.56167412905,2.5647326682456697,5.466246072152691,3.25245432694732,0.5881330333159781,0.43195000290870705,66.4083190298275
2012,MDA,1,24.325905704523603,33.3011994536458,3.87909619776897,7284686576.2835,-0.7000001531169889,2046.5367866510899,-0.686972241219763,2.20000022558567,7.894475330531219,0.327674671710159,0.417329996824265,127.424757150961
2012,MOZ,1,,24.3168352643051,38.7710520301031,14534278446.3087,7.1981858257921205,564.812463094317,4.2154451350099595,62.3982342557088,5.85460873453056,0.9112223754669571,,110.82979950177601
2012,MMR,17,,,2.2331007501786204,59731122170.0865,7.33267044715451,1136.78636797958,6.477932604612651,11832.3265603925,3.13009695252966,3.7110367960832797,,22.3846155797021
2012,NPL,46,,15.932756471364698,0.478983555949929,19206631648.9713,4.78119225754814,698.409889741021,3.5570736588193195,3.38970849777265,6.63496413638205,1.43183199069758,,43.6582066646414
2012,NER,1,,,12.2586312704123,6942209594.55433,11.8136632751199,393.64342304493994,7.44341064586021,-4.301505706675941,4.80960501198207,1.0053930203969699,,61.2205290368542
2012,NGA,591,10.41933684786,5.138455939789219,1.5337618750146398,460953836444.364,4.279277313893299,2739.8521890390602,1.50883321726725,-32.891652360676,9.27124466928721,0.502541128653135,,44.3801366480793
2012,PAK,1625,,18.799092110842302,0.38282651684832797,224383620829.57,3.5070334200968905,1264.90090914213,1.3349222241818401,-3.0955718707143802,5.968574380928099,3.48439877285312,,32.805502207367894
2012,PRY,4,,21.2441099488911,3.03065791751453,24595319573.7548,-1.23896850575009,3855.57218546178,-2.56110036704746,-3.50000387655905,4.74734472121325,1.37826780405001,0.0881600007414818,98.628400255586
2012,PER,6,19.2166594587652,17.9177884982323,6.18772888335996,192605185353.65,6.139724705604349,6386.37444850699,4.7359307916289,9.99768651409086,1.20258494022738,1.23460288783798,,52.619895263229395
2012,PHL,243,51.482418148355706,14.1861317521328,1.28569244626062,250092093547.53198,6.68381023689122,2604.6559968370198,4.99930011091378,5.589625223125941,1.9683926814138502,1.1590471399303601,,64.8994436085142
2012,RUS,150,8.70173755201603,24.6212046652753,2.3484672830383904,2154067053237.85,3.5179418654945898,15042.1916377421,3.34386604989641,9.68045425783461,8.29894029533529,3.75409794282775,1.1256200075149498,47.98028533759279
2012,RWA,6,,,2.2136079582358903,7219657132.215441,8.788351534061361,667.414582334439,6.16431094458068,18.788410886742803,5.99904397705544,1.10523111612176,,44.1488162344983
2012,SAU,6,,,1.659823989385,733955733333.333,5.3844659496954,24883.1897146534,2.85629678295254,7.65641350902987,4.0251528094381,7.697721279466809,,83.7415444491839
2012,SEN,11,,16.8164283111072,1.9457017421513798,14194124595.9323,4.411180283487769,1030.04451024131,1.20533513090659,10.968004832113198,2.48220960370726,1.38551306323935,,76.929891176166
2012,SRB,3,,39.217843870651606,3.13212598344721,40742313861.1374,-1.01527038761317,5659.38020403691,-0.533730434576825,1.3529743640390601,6.263582369342389,2.09517465340868,0.906910002231598,90.5249537432777
2012,SOM,266,,,,,,,,,,,,
2012,ZAF,4,,33.0805984992717,1.16718037028321,396342265529.84204,2.21325897786599,7570.0852113869705,0.6389117565653629,4.21969046337838,5.28669616542916,1.13275168486495,0.731679975986481,60.8974882989087
2012,SSD,4,,,1.55273309794691,10368813559.321999,-46.0821223743007,944.2828115783631,-48.392411630271795,-35.2511244377811,6.46858279303815,9.53075280066258,,55.3811952399634
2012,ESP,1,83.45094621127409,25.479541113386897,1.8594140808401698,1339946773437.24,-2.62030851235816,28647.835242689198,-2.68351269421417,-6.1928718695783695,0.0486511937956635,1.4075658374182098,1.2841099500656101,59.755655535866296
2012,LKA,4,68.7104049236057,15.511547602497401,1.37520984159347,68434399083.41,9.14457938763533,3350.6854231986895,8.32161301348258,0.48545425118283003,10.828428286506801,2.13570926503889,,51.49208779837811
2012,SDN,34,,,3.39293845903629,68125631150.2939,0.521559266641702,1806.45079658887,12.4118062810113,-62.18282337709601,34.87620384389869,,,24.7210007848718
2012,SWE,2,42.0213308727746,32.5891500217108,0.785748042339371,543880647757.404,-0.286320615444041,57134.0770682404,-1.02124409458247,0.48215543890574997,1.06120113378334,1.1479863221884499,3.28133988380432,87.7150184541902
2012,SYR,173,,,,,,,,,,,,
2012,TJK,5,,,3.13567389862871,7633049792.093209,7.49999916892124,962.440817726802,5.1007934954249805,6.245068489665201,11.8685158950827,0.999084702362353,0.114200003445148,90.624969651385
2012,THA,279,28.4638710777676,18.6341596662439,3.24675021166759,397290682074.825,7.2309591892917195,5915.22114668686,6.8139847704556,5.634463256443841,1.90967839307432,1.38234181384022,,137.765261810931
2012,TUN,1,44.6596877243105,35.463403193825606,3.4505439627070498,45044176963.9542,3.99766619874057,4179.46434367471,2.99701131729226,13.1256333489889,4.8965235902122,1.5123410727103501,0.680739998817444,108.00474738645
2012,TUR,177,43.525738119276,33.5924977119311,1.68394272402116,788862935211.869,2.12746070917433,10539.3654471072,0.309770007405547,-0.394626433700083,6.902244918614239,2.27647050861038,0.92195999622345,57.7548354514091
2012,UGA,4,32.831309169661196,11.9399266767816,5.12796108052842,23506194155.2319,3.8342867424331804,664.005154577291,0.489713884158704,9.83298315695218,21.7142959587308,1.46600954382487,,52.489736428682605
2012,UKR,8,33.7031001609632,41.0699602539815,4.65066325233916,175781379051.433,0.23868130555248998,3855.4212801318,0.486676586685419,3.79839953221448,7.79492326205909,2.35343700188443,0.751670002937317,91.787745013238
2012,GBR,51,101.28880196579901,42.8742170354928,1.76684592547057,2646002634059.62,1.3130185984248501,41538.307261655296,0.611016523473722,2.85481801109148,1.53913891153819,2.21071804680952,1.62178003787994,61.8261968043824
2012,USA,17,94.39790953469941,24.1244969516111,1.50422261982247,16155255000000.0,2.22403085385714,51433.0470904727,1.44823927719024,2.2297735568479,1.84205148309647,4.23874460663109,2.69796991348267,30.714627531413196
2012,VEN,1,,,1.3076789836804998,381286237847.66705,5.62595697508641,12771.5950361107,4.11659764636158,24.395552460379502,14.059430064286099,1.30233184721529,,50.4035673803654
2012,YEM,306,,,-0.0402221735469914,35401339869.3055,2.3929902093532003,1422.72377912034,-0.27292861089453896,,5.89315892251294,4.57388427654218,,61.3616365261434
2013,AFG,1415,,42.3038148417133,0.19786004462747397,20046334303.9661,1.9591228927533701,653.347488111011,-1.21669484932227,,4.717531184253099,1.06143348132958,,56.0656699448102
2013,ALB,1,70.3583452575361,23.3681005031773,9.80972068999127,12781029643.5936,1.10999999256572,4412.34557813421,1.23548639893185,4.24275219972228,0.218876859272683,1.40845822632974,,88.92961072530491
2013,DZA,21,,,0.80679934793493,209703529364.33102,2.80000000000014,5491.6144135648,0.7898048755131841,9.99999994794585,-0.112277918041087,4.96196381102969,,63.626437601491006
2013,ARG,2,,,1.77236663591377,554155198994.424,2.30248415836283,13027.2048221392,1.23689901700676,3.8828809560895894,23.8821886058995,0.834513591756015,0.61175000667572,29.2210790525197
2013,ARM,1,,,3.1119314812579604,11121465767.4067,3.3000000017998397,3716.8289225446397,2.8217503105952204,-2.09999999452465,3.3668246404436704,3.9972445573048403,0.22215999662876104,76.5561957927212
2013,AUS,1,38.339183787801396,26.036829327013002,3.45262099299518,1563950959269.52,2.4400490620624598,67652.6832146189,0.7158325979197,0.639115501466577,-0.19937132432038102,1.6869120162059,2.19574999809265,40.8891991054741
2013,AUT,1,83.4986801450478,46.4481452380227,0.10538799882284,428248420485.175,0.12422354549362101,50504.7153221994,-0.45890134939199395,0.65146864886691,1.58367355736084,0.7540168059556659,2.964359998703,103.802945148719
2013,BHS,1,,,4.48547420953832,8521997500.0,0.010307047704373,22554.454122236602,-1.43304135633629,-3.28132512951359,1.45359892321648,,,100.005700541452
2013,BHR,52,43.937839757479296,23.3551426542093,3.0388652723413396,32539441489.3617,5.4168398101207105,24113.5248437757,4.17864247822321,0.844880892514581,0.3840579630339389,4.14145517346788,,121.221954044314
2013,BGD,139,,9.37841578494339,1.73541854006515,149990451022.29,6.013596067470231,954.3963997156239,4.731909157954759,1.2181515468586201,7.17496312253461,0.00133415137644319,,46.2964027239758
2013,BLZ,1,76.5271550555984,23.907416607943503,5.673891986317001,1625828111.7285302,1.3135593220339,4723.5943547036995,-0.889952385306884,9.6513519105941,1.9621387688175702,1.09352734595652,,132.184999152493
2013,BIH,1,,37.4153949478903,1.72573536962237,18154290272.2151,2.3941919792446003,4748.0406922642105,2.52503903143706,-0.15038886658575698,-0.287403213656745,1.08850568287092,0.327389985322952,87.84645451338172
2013,BRA,3,57.3916406311277,28.5184970889356,2.80566779960009,2465773850934.56,3.0151405108109395,12071.7779871352,2.0781905908324503,7.239439575559389,7.385407305535719,1.33323803173355,1.2360199689865101,25.6347885950318
2013,BGR,3,,,3.5672252223380796,55758744571.1183,0.86209273761466,7674.86055914027,1.4281471093886298,4.316796874091549,-0.702844423228044,1.61331768924712,0.636420011520386,129.71484244728398
2013,BFA,1,,13.8898909513001,4.1092499132229,11930742614.3262,5.70875399548719,698.335034928403,2.65378715781112,14.369853490677302,-2.15459218590908,1.33673146971773,,67.3388993165567
2013,BDI,2,,,4.300125040562641,2714505634.52629,4.59405421822632,259.365208150184,1.18232191663814,7.999999999999959,13.163380040102501,2.24200930035414,,41.64117356102479
2013,KHM,2,,11.6912089972697,8.70599629477153,15449630418.5486,7.48000365272792,1024.6088698200099,5.72431310953696,15.109752266487801,2.2477334657893904,1.57589601356521,,128.180851345866
2013,CMR,3,,,1.8508466490034,29567504655.4935,5.56168812850224,1331.20002144388,2.93976089679562,18.268468703624198,2.39151907261743,1.3286229773274498,,49.5667713843477
2013,CAN,4,51.8718756490485,17.220759193169002,3.7784910259094397,1837443486716.34,2.21806818754125,52266.175676139406,1.0433316103891,1.48878670540209,1.553953824465,1.0076931898596,1.68827998638153,62.14508773682179
2013,CAF,19,,,0.12200941972789699,1518565219.0106099,-36.6999524381893,322.36659330368303,-37.9251628509135,,6.28783271759912,,,39.4564261277737
2013,CHL,4,,20.452369568348697,6.98807241373287,277078709134.903,3.97659619929694,15764.755453406002,2.86798312693992,2.09055789633193,2.2891724870838703,2.04611359001906,0.39109998941421503,65.3700572185398
2013,CHN,10,,,3.0282256761815094,9607224248684.59,7.757635146170321,7077.7705938533,7.226936453871829,,2.2252369942155896,1.85118026567166,2.0146598815918,46.56523590242929
2013,COL,144,58.625441306335105,28.157613614132103,4.2632887974918505,380191881860.372,4.87406557934081,8030.69086053799,3.85208182697295,5.977653631284911,1.99270715785205,3.28882458335503,0.255380004644394,37.697977612854096
2013,HRV,2,,38.3558833643155,1.6224604556238502,57770884728.6496,-1.06392109616958,13574.9780420161,-0.787991083306892,3.1100710725964302,0.804786937934068,1.65648504114238,0.8156099915504459,85.5963043573262
2013,CYP,9,145.854665474495,41.0802397589164,-25.0474956588696,24054965480.616,-5.95274791028267,27907.9673626742,-5.733870718634581,-4.776921774466629,-1.03767047955097,1.60010376306697,0.462660014629364,115.61523771677099
2013,CZE,1,40.6129335150098,33.0270308784889,3.5136068505345697,209402444996.10397,-0.4836710407026029,19916.0193873722,-0.51667507931613,0.0649748318616048,1.43189790697579,0.9947297888206519,1.90952003002167,147.97817442500602
2013,COD,16,,,,,,,,,,,,
2013,DNK,1,46.149659578044904,41.9406678154157,-0.254396607344739,338927058604.182,-0.243779282941276,60361.7387715794,-0.658798612819282,1.1273248298962,1.35697376557906,1.24411616373876,3.0849399566650404,101.748497520383
2013,DOM,1,,15.6268682810005,2.58190216576794,61965942056.6828,4.74206419171963,6026.98988861086,3.45464673527435,-3.643141600905,3.7373319979733997,0.6186951111223421,,56.779587168643396
2013,ECU,2,,,0.764024820338542,95129659000.0,4.94651126690626,6074.1819714721205,3.32608122834679,6.965967127276531,3.0950490128629,2.9472669506783395,,59.6061560569664
2013,EGY,307,,32.491647684130605,1.46574663846404,286011230726.274,2.10672461668477,3264.45006267526,-0.16934262194804697,0.515717092337908,9.00384274312739,1.624552554507,0.677980005741119,40.7365223993926
2013,ETH,5,,,2.00007508641937,47648211133.2183,10.5822700402272,503.902606586893,7.81396674754116,4.2131999940727995,4.9019793067054405,0.806417116516245,0.6047400236129761,41.471787081916
2013,FRA,12,88.57934926079871,48.5652114921314,1.12476886708961,2808511203185.39,0.576241546834495,42571.1979897409,0.10012110050749401,2.11791383979487,0.7766364679329308,2.22242603259369,2.24326992034912,59.09880411638121
2013,GEO,2,33.920660852604,24.380800904467502,5.92515924017063,16140047072.2616,3.3870437257223798,4274.37687295064,4.72866585034113,2.8798746324892996,-0.762289233518842,2.52812477460625,0.0836699977517128,102.33061438012899
2013,GRC,53,181.662458659441,59.8419269192799,1.22796349475645,239862011450.103,-3.2414250250659102,21874.8195041667,-2.53725852220521,-2.39233305552077,-2.3522999939051097,2.3576812501946898,0.8125100135803219,63.5191424472248
2013,GTM,6,24.809874688435503,12.8262646137565,2.5127481583905,53851075503.9906,3.6975855779095097,3432.0174578805895,1.5693216798390501,4.25878263917257,3.36642511998215,0.463793627713795,,58.5483413554091
2013,GIN,2,,,2.17162967680961,6231725484.55943,2.29999923829239,521.538905868244,-0.43935602487833597,6.326257315742481,6.28906283064204,3.0895744285448803,,83.0640618971845
2013,HND,2,,23.893840391735896,5.8187413520793605,18372173610.6685,2.7915597574680096,2340.68486562128,1.3126505964728798,-4.0964780787452595,1.37403051856498,1.5464235615184,,116.30604924743601
2013,IND,678,50.1366812547291,16.5807597769957,1.51099748815862,1863208343557.81,6.6388127357182,1456.2016281679098,5.3128702386922,-8.164839700365889,6.226624031129321,2.46411827633748,,53.6253995759076
2013,IDN,32,27.781927217866397,15.375019877156598,2.5513563340105803,912524136718.018,5.557263688910131,3631.67269360346,4.200169917001871,1.86189666230503,4.9659902913167695,0.9187698391830659,0.0848900005221367,48.6373726752893
2013,IRN,11,,,0.596133806987973,511620875086.78,-1.91157505672037,6631.29827041489,-3.1771744084750098,-18.6833376453399,34.340739544409196,2.344930845445,,47.262327920302404
2013,IRQ,2809,,,2.18676140350877,234648370497.427,6.5721602980641105,6879.697790132111,2.9796606054833696,,0.984153518641136,3.36513157894737,,58.4353070175439
2013,IRL,26,132.41660433311898,37.6792042216385,20.8801320756511,239271162515.74,1.0988397638847098,52034.76822398481,0.848263468243545,1.1029071099688101,1.4207149194511297,0.49975230741871995,1.5359899997711202,193.38461012491902
2013,ISR,37,,37.871092688132,4.24393891423009,293314777888.557,4.37632827940084,36393.6693204984,2.44667099127741,-0.32997323379908006,2.1393954825362598,5.752729286209849,4.08816003799438,64.5161320780549
2013,ITA,7,134.846146416318,42.6525240091789,0.9167169501480341,2130491269673.44,-1.72815733491716,35370.274411922,-2.86079701520548,-2.3621085173923997,1.2119359651316899,1.5908023761740901,1.30581998825073,55.466592695905895
2013,CIV,4,,13.578290325519099,1.30333239391,31264187110.3554,8.889421301729241,1445.91058247017,6.271496318330821,5.79999999868728,2.75170596590829,1.3753872503125302,,80.1268296365365
2013,JOR,1,,26.912207967011398,5.37490826672629,33593843661.9718,2.8292107690698303,4656.21980691606,-0.311763864642828,4.33174296800969,5.599314725108809,4.30117372696012,,114.305819531236
2013,KAZ,4,10.8406391538642,14.6089815385558,4.2306980098169,236634552078.102,6.0000000000001,13890.8560077898,4.48267198504288,7.79999935319442,9.49908144019432,1.0780847506895401,0.17483000457286801,65.4076093299538
2013,KEN,78,,,0.6748483300830601,55100780396.387,5.6935303523421705,1261.09286307733,2.91190312037388,-0.7915539481551831,5.36613906580024,1.5617943882536498,,51.280229289640005
2013,LBN,117,,28.213194275250803,6.08924113497197,44352417910.4478,0.8999999999999909,8388.97329301696,-6.022608081346849,-1.1616267882457,1.7398660543851598,4.36440296283451,,128.030855650364
2013,LBY,285,,,,,,,,37.6398486986362,,,,
2013,MDG,2,,10.4011740750453,5.34391689728709,10601690871.7448,2.25520404326076,462.460010535635,-0.5586503816268621,10.7166934558037,5.08607870373328,0.6779837157323859,,72.57967137374641
2013,MYS,13,52.999303955476705,20.6021717767199,3.49430495606667,323276841537.339,4.692919186028679,10971.4155835989,3.11736838217325,1.72373540246346,0.17524794518735098,1.52059712569936,,142.72113157793999
2013,MDV,3,,,12.908666828824401,2795147949.78753,4.69979367321605,7112.335750095491,2.56850016332871,,6.023739679160099,,,190.83634738150798
2013,MLI,57,,13.693977120108901,2.40261775882632,12813248724.7996,2.30358480929436,772.2501094828231,-0.654545019771021,5.93871757298207,-2.59182309289173,1.2005830916133,,59.9275631351104
2013,MEX,8,,,3.71659163581859,1261981728468.52,1.36007714397567,10198.6472993047,-0.007181772246539709,2.58175826801551,1.75881177183854,0.6210560226658199,0.5012300014495851,64.4446325582726
2013,MNE,2,,,10.000905793636699,4464498911.253921,3.54901309958009,7186.813592335429,3.44799894175773,-3.11741101865287,2.06700062864513,1.5821646034090302,0.37430998682975797,102.770899591433
2013,MOZ,18,,,41.8096358631094,16018848990.668999,7.14168329950449,605.2344447224469,4.16936077606121,28.8480545562072,3.91751428062459,0.9856645409113459,,114.375942275637
2013,MMR,17,,,3.74937125945736,60132854536.7832,8.426001024851871,1134.92844272888,7.52561046721733,99.50783496132308,4.37807084326613,3.80915025550223,,38.580758967176706
2013,NPL,101,,14.5942415712936,0.382833576876391,19393541020.2195,4.12887767631092,696.732683964092,2.87766183388283,14.199646954263802,6.57724025569924,1.54186020031728,,48.1460002324469
2013,NER,4,,,9.37843670458442,7667951987.6933,5.26837873403858,417.670309304738,1.12228512446224,5.68146291622639,1.5376345569912402,,,61.716242880994606
2013,NGA,318,10.500313192335401,5.03246732686512,1.0802403465894,514966287206.505,5.39441631089463,2979.8441500039303,2.6036132535565697,12.2158066362658,5.87329563136669,0.469695304619353,,31.048859957161397
2013,PAK,2157,,17.8269953642817,0.576510795073031,231218567178.97897,4.396456633497721,1276.0924479185499,2.20681110334083,1.81009935899954,6.96594307851122,3.47097253809412,0.292939990758896,33.3335986818131
2013,PRY,10,,19.2823548778926,0.25547275723720697,28965906502.2306,14.036277673601699,4479.95505217335,12.5105366756152,6.83325640660024,0.841190350089377,1.3614617950398897,,94.38769642635
2013,PER,10,18.390563330683104,18.9543760306112,4.62229062674101,201150658576.29102,5.85251821084928,6580.979052672929,4.44408278143682,2.8666017526777,1.0784290852786,1.47080030165358,,49.7767027792595
2013,PHL,626,49.236877231987,13.7934077096316,1.3748620634556399,271836123723.678,7.06403293901505,2786.01470086133,5.358462073809349,4.42400852375071,2.04545905110535,1.24230283116605,0.13787999749183702,60.2452893289055
2013,COG,1,,,20.6869564544798,14085852120.4761,3.4407052491938,3205.4577827894,0.894995589919077,8.599999997092281,-3.6582382638060804,2.60585813449002,,142.604432794568
2013,RUS,143,9.31864945475752,25.2884078633368,3.10144542097935,2231826797008.17,1.2794539109574599,15552.0509880404,1.06403547640875,3.62697840361332,4.77045756551738,3.9608977381134904,1.13278996944427,47.63694502468161
2013,RWA,4,,,3.4251822370281295,7522006198.2320795,4.68451242829828,678.998166944053,2.2205542122767796,8.9430894308943,4.76531121784478,1.09652549342105,,45.4152960526316
2013,SAU,6,,,1.19095361627137,744335733333.333,2.6699113946389397,24646.020873026402,0.27321671626943106,3.65517436632365,-1.22300404106997,9.00400142014768,,82.96589460168329
2013,SEN,3,,,2.10231094518927,14806481145.049,3.4852173466202903,1041.1671793259698,0.27658815131050607,11.0245444348172,-2.4542749258895498,1.5988803392180901,,77.7187974839495
2013,SOM,270,,,8.33333333333333,5352000000.0,,521.2230393438671,,,,2.52507746026488e-05,,76.6255605381166
2013,ZAF,12,,34.657705213190305,2.23957074875895,367593603380.59705,2.33034225921693,6910.66533833817,0.7223761308226391,5.01434983507379,6.587616424718861,1.12031095869916,,63.9830686363761
2013,SSD,12,,,-5.98145867218347,13257635694.9153,13.1297311406943,1157.48695804411,8.45604456048463,10.665701881331401,13.021290115897301,7.406924382633929,,54.3287810146213
2013,ESP,5,96.4723345683963,22.333681123893598,3.8186777378759302,1369261671179.0,-1.67197184815122,29370.6638674201,-1.34925290638455,-0.31577893991675393,0.56917537979453,1.25928852911744,1.26172995567322,60.704256491013005
2013,LKA,14,70.82110585506341,14.6677613146201,1.25481544505628,74317806754.5267,3.39570959648638,3611.34198719698,2.61693827681802,-1.5298138827110002,6.236953240168769,2.2664425244666804,0.100809998810291,49.257792199330204
2013,SDN,44,,,2.3421385702987005,72065940085.772,4.39471113218659,1871.10897910993,2.2190700034802697,63.762521399336606,34.9034002457986,,,23.728508036451203
2013,CHE,2,,17.1748773723059,-3.6356482505557297,684835034384.327,1.78057951954574,84658.8876757562,0.616928354560926,13.4566601921597,0.009653723636262159,0.734904884710808,,132.498413964196
2013,SYR,263,,,,,,,,,,,,
2013,TWN,2,,,,,,,,,,,,
2013,TZA,7,,18.719607401637603,4.7080951645033,44333456244.744,7.263060030369901,909.330141239446,3.91964912429204,11.006136382833901,7.67420312474007,1.00009968050876,0.5292400121688839,48.7206559139714
2013,THA,471,29.2503174453075,19.0966647886183,3.79528274417754,419888628523.075,2.70211728969294,6225.052283153871,2.26468401096398,1.57870470534695,1.7250793656845098,1.40544338339625,,132.753134558483
2013,TTO,3,,,7.54388597937377,26436221401.2976,2.6539184236130198,19607.9491791503,2.14675519553815,-0.0613166040290025,0.43071664379257896,0.798816918939866,0.0520699992775917,88.30354031869801
2013,TUN,29,,,2.28863881348087,46255554871.6686,2.9956570480749907,4248.89127558615,1.9644232614364698,5.19750720612768,3.71134872096228,1.64161945086851,0.6611400246620179,104.795386380028
2013,TUR,38,38.010214423484705,34.6284519054421,1.5042696745678796,823256641370.335,4.19250934713969,10800.5423536698,2.31372732182606,9.00613088213018,6.17067264740912,2.2611043129775803,0.9447699785232541,57.8147105225003
2013,UKR,5,37.0287155729123,40.1985260695142,2.45976564259575,183310146378.08102,-0.0267296493157545,4029.7155037213106,0.20117361066820602,-3.48600901940475,4.33701797361377,2.39291890925322,0.761749982833862,95.1496657789596
2013,ARE,1,1.90087554977549,4.02663565832918,2.44236410109629,388598502382.573,4.72889729346413,42986.6646116366,3.7159439584282006,6.4737177001246105,-0.637372457106579,6.06308614223812,,176.41816291180598
2013,GBR,137,97.83738789569558,40.661993845580795,2.0030515043697,2719509472492.7,1.9110784106548402,42407.3710146402,1.23102840989606,3.4166415949532096,1.90430818273626,2.09088431979756,1.66431999206543,61.7696513434696
2013,USA,19,96.6088043405521,23.183447016829,1.65939381064046,16691517000000.0,1.6773315299245302,52749.911239512,0.9303146245915171,1.08679606515901,1.61500708831899,3.83250965145948,2.7252800464630096,30.226258044730102
2013,YEM,389,,,-0.330496410064222,40415233436.1767,4.82351906650533,1582.8492522574302,2.15327828216422,,9.20895704915074,4.07952740425799,,52.5112783517629
2013,ZWE,3,,,2.76533521070227,13490227100.0,4.48409514596702,905.500321786172,2.15141691532511,3.46056307652232,4.18437605369854,2.6441363614998,,88.7849849466211
2014,AFG,1767,,,0.243169793342372,20050189881.6659,1.3125309076464198,633.947864294639,-1.71461102327001,,0.243080560140356,1.3343566777348899,,52.873563608418706
2014,ALB,2,73.36676239179809,24.4120797686307,8.69437695800456,13219857459.1009,1.79999999809164,4568.56882650826,1.9054709355272499,4.60000000024034,1.42233738463318,1.3473702435104298,,75.455705589104
2014,DZA,12,,,0.7041325139706801,213518488688.12,3.7999999999999,5484.0668056148,1.80528098926762,8.60000002933961,-0.41208464648205695,5.5560598309119404,,62.5105145092884
2014,AUS,8,42.5642473558891,26.495003717078,3.16075978891006,1454675479665.84,2.4998512224341,61995.8296976,0.9851925686127601,-1.76842446822688,1.4136211175275701,1.80511782947889,,42.3016727482017
2014,AZE,3,,22.1145922703119,5.891732963589691,75198010965.1919,2.0,7886.4591436727405,0.734739796072986,4.13086228774635,0.1961117293896,4.55781667000125,0.20991000533103898,69.50920515855121
2014,BHR,40,,,2.8684587431036697,33387712765.9575,4.35048360348598,24514.9991306142,3.3925091874041002,-6.150656690299339,-1.6708900350602098,4.418589460704269,0.0997700020670891,116.88352034208
2014,BGD,130,,,1.46871287737333,172885454931.453,6.06109305375394,1086.80008676935,4.78090004537268,1.16832386573525,5.66875495751124,0.00137177950253425,,44.514080196809594
2014,BEL,2,,45.217216439004204,-3.6301668982373196,531761915064.736,1.6531350757174998,47346.792823245,1.2151053522028101,5.87242227215879,0.657447475497278,0.976284495239958,2.4646799564361603,165.487681924366
2014,BTN,0,90.6514490680559,18.1649103147078,0.426889340301005,1958819914.95916,5.745455167569769,2560.52213174131,4.31189353743929,-3.24126286278633,7.28055497833297,,,93.6226199498435
2014,BIH,3,,40.025788042380704,2.82344081543693,18523988466.7571,1.08187567036184,4852.31864873611,1.2401886987127602,8.06754736925967,1.00600372095477,1.0278688468753299,0.261079996824265,90.80283847718229
2014,BRA,3,59.399227794691704,29.9745249087013,4.008817699789271,2417046323841.9,0.103371359100009,11728.7993875108,-0.779984327046009,-1.04649957204774,6.86513891934824,1.35167944071978,,25.107458534878504
2014,BGR,1,,,3.64439780490125,56732006512.0065,1.32884972234031,7853.335190862171,1.9064319281976798,5.1606106053339005,0.45205796588744795,1.4730794021842,0.795130014419556,130.967908582605
2014,BDI,5,,,2.64242142821155,3093647226.8107,4.66091818447367,286.002335872952,1.26569805110317,5.00000000000003,8.30340229746645,2.00984219730289,,41.307002287318795
2014,CMR,63,,,1.72831472302393,32050817632.9602,5.92696495921939,1407.40341322234,3.31357116740915,14.387176918611699,2.41119539844958,1.25278888176845,,52.886418086625994
2014,CAN,3,50.704014053419,16.703183863707,3.66866450949094,1783775590895.93,2.47289263838321,50185.4814970346,1.3538244903152201,1.75884223373973,1.75649117094147,1.00089050263983,1.6115299463272101,64.2562275632107
2014,CAF,86,,,0.20406425244835197,1702898939.55483,1.04001804711078,354.45190107287397,-0.92929146747889,,11.0686610783499,,,50.592618266703504
2014,TCD,1,,,-4.85228426366441,13922223233.5184,6.89998504532167,1024.6683540219099,3.42820776580244,9.10991042967379,0.645785332472741,2.8183926561404102,,76.6265231668971
2014,CHL,17,,21.049804818446397,8.63522225358004,258733363811.966,1.8763953971249399,14566.1490549222,0.804937019906802,-5.66244455830514,5.55315499302462,1.9817317122872498,0.3792800009250639,65.9439000155231
2014,CHN,36,,,2.55760049652724,10482371325324.7,7.29766595938162,7683.502037957841,6.7557784162558905,,0.8283685590087231,1.9046493554912498,2.04604005813599,45.651924345237504
2014,COL,227,,32.4947640018693,4.31390343025382,378416020533.715,4.385710901097741,7918.078900393521,3.4049419210866203,7.783488549171211,2.13692424663519,3.1304042476231198,0.195339992642403,37.3157440337106
2014,CYP,5,,47.714516661543506,-3.23643220043973,23308212816.7706,-1.5314516336340902,27340.8838161118,-0.44166114134724,4.5864728501255705,-1.5320480307378301,1.53517310472808,0.47240000963211104,122.331705317805
2014,CZE,5,38.2096612806746,33.7879530037283,3.89217924218107,207818330723.835,2.71511613157801,19744.5586092159,2.6070370429591803,10.0544263576044,2.4799767568997497,0.9734018052343308,1.99733996391296,158.726956742669
2014,COD,80,,,,,,,,,,,,
2014,DJI,1,,,9.63464979927582,1588000000.0,6.00019432397339,1812.4253858251898,4.5943979204684195,,2.9628024213678503,,,
2014,DOM,1,,16.2706722267327,3.65669515838929,65231032303.2418,7.6089648355893,6268.63248273048,6.32113513713716,4.09153084284013,1.9155140112131899,0.670803566417521,,56.3313119879206
2014,EGY,345,,,1.5864731338313,301498960051.639,2.2287910138929905,3365.70742057477,-0.014545788444649998,0.171023698998312,11.5128755052506,1.7122841238879098,0.678680002689362,37.413768495171
2014,ETH,1,,,3.83368922217547,55612228233.5179,10.2791870240632,573.565960346077,7.5490612958647,20.1871526530635,10.9599560124627,0.730052323499055,,40.7410841536333
2014,FRA,14,,49.014223136464004,-0.0369219660613263,2839162443235.14,0.6366216533092629,42696.7788294314,-0.156175467789183,4.74347388981914,0.5281019006962709,2.24057507509472,2.25599002838135,59.881474641629495
2014,GEO,2,35.3784896169107,25.658238445620498,10.598971179831699,16509305827.7171,4.62333190661251,4429.650074514911,5.998846600313599,11.086736454640699,3.7804832964272403,2.51758231737108,0.0984300002455711,103.41376559021
2014,DEU,13,,28.340931554449,0.24346740211074502,3879276587198.91,1.59533809824777,47902.6528842516,3.03837014138699,4.0435169808966,1.83197165224502,1.1884347436498102,2.86854004859924,84.7810652101794
2014,GHA,1,,,8.70971294001688,38616536131.647995,3.9858656241520696,1441.6364531116599,1.5706104255666997,-16.0283259895504,16.681275444563,0.47904247004593,,88.4514117678381
2014,GRC,26,,48.493715591832505,1.1423241920891298,236079774688.445,0.352849232575196,21673.7810702225,1.02354421250598,7.5618745118251205,-1.8484744626950702,2.34297311013917,0.838450014591217,67.4429214594709
2014,HND,1,,24.539121312095798,6.676995227769849,19380958759.0497,3.08521496129973,2434.280046303,1.62703528136325,1.45400894351697,5.527474836839301,1.63686730628056,,112.60923455067301
2014,HUN,1,,45.2585648682839,9.04319535057423,139294565100.565,4.04732118010025,14117.976676209299,4.32798041964647,10.923343670896802,3.36063584726014,0.8685207240411371,1.37072002887726,170.368752636562
2014,ISL,1,,33.1460996638421,4.50093860736129,17036097481.8066,1.8266604535470101,52036.731814453095,0.7001120850683691,9.84191651359265,3.9854591637144,,1.8907999992370599,100.99212772588801
2014,IND,823,,,1.69290983046819,2042438591343.98,7.243471745833089,1576.8176688728602,5.93592005150938,0.795257862798437,3.29961779958288,2.48815792057442,,48.799559946514904
2014,IDN,33,27.431702779737602,15.9112187389517,2.8210102960687298,890487074595.966,5.023889051989941,3499.58873476515,3.7086894116359703,2.1928474993293996,5.38710492082983,0.778141412685605,,48.057271153144995
2014,IRN,9,,,0.495030555688068,425326068422.88104,4.34334340221696,5442.87477076039,3.0198190265564797,-5.68969809039508,12.2401204079525,2.3278890261858596,,43.0630037197066
2014,IRQ,3756,,25.6736032995876,2.09058072740907,228730703259.005,0.0601088720166558,6484.5293366572,-3.24728810270933,,-2.58048759459241,4.16197975253093,0.0391900017857552,63.310911136108
2014,IRL,33,,35.22772476986621,33.856931141309,256271350218.827,8.46236674549191,55503.3272623334,8.01766217405368,15.3229569762568,-1.17653632550953,0.46484877259547097,1.51889002323151,209.65668463696701
2014,ISR,293,,37.4292780100431,2.18221113269475,308769389865.56396,3.16304703399375,37582.846241411404,1.2016721119895701,3.8443652624349904,1.11158041754965,5.8639792208436,4.10858011245728,62.6032590296774
2014,ITA,7,,42.706108099211896,0.792068582123351,2149814265578.42,0.0918949980592174,35365.1041218615,-0.8222521566424771,3.2861790297442597,0.890836027272826,1.4685508331291899,1.28699994087219,55.807196934665896
2014,CIV,1,,13.158941224584,1.28229722481353,34217693110.4569,8.48634556824589,1544.32133718797,5.86873648197579,3.82134049344293,0.8018619730333821,1.5257857306715301,,77.6429995916437
2014,JAM,1,,29.1157208285038,4.18885539949827,13897561173.4853,0.6946210844361639,5108.3570381199,0.47680227066445,-0.15960067157951097,6.98664726789764,0.872890601335263,,84.7511122325145
2014,JPN,5,,,0.379670019669948,4848733415523.53,0.33566478648781106,38139.4223595003,0.49889320397899395,8.267962521405929,1.7496605998390502,0.946402360920229,3.58418011665344,37.5587796721031
2014,JOR,3,,28.2708921580513,5.60836349172317,35826925774.6479,3.0963302752293504,4830.97691525943,0.2985946560055481,-0.895518853803665,3.44431792866891,4.32635501507869,,113.07138171667
2014,KEN,109,,,1.5381071981240402,61395415492.333,5.3318594038277505,1368.49113215797,2.58325552018832,10.5735633038436,7.99368072416327,1.3340447052808302,,51.1249124679049
2014,KGZ,2,37.8705870315003,21.0016833294235,4.725390155946929,7468096566.711579,4.02403862892811,1279.7697826598599,1.9579969740411498,1.59189044512817,8.41522543819866,3.37589282594698,0.12644000351429,125.126181075833
2014,LBN,192,,27.288321532351,6.35478341527333,45730945273.6318,1.79999999999336,8148.6391668339,-4.0972246376460895,-1.4827734743737302,1.2849923730789399,4.9639602816229,,126.854455143213
2014,LBR,1,,,35.7712736801764,2013000000.0,0.7011416358233761,457.858586520261,-1.65486737281022,6.380352728183779,2.6963415801312203,0.7145802285146551,,119.920516641828
2014,LBY,649,,,,,,,,0.510680627276372,,,,
2014,MKD,3,,,0.537857524791069,11318966946.687,3.540834354705,5453.28127512774,3.38709133682788,15.9845303516235,1.14648936624499,1.08888370968872,,112.971179958906
2014,MDG,1,,10.6985100613672,3.285258012512,10673516672.6843,3.3158541551522402,452.81039492905296,0.47934096191796993,-2.50806962060966,6.62603206192547,0.652799413990981,0.0156199997290969,74.6695666476954
2014,MYS,11,,19.6830982605882,3.14120255293104,338068990803.263,6.01216652008209,11305.9000976846,4.464190904713309,3.9890143066629,2.46443476596743,1.4550831204935402,1.26259005069733,138.309446471921
2014,MDV,8,,29.9478137907123,10.7742050923624,3094197810.2,5.99732642311237,7716.20401546133,3.88266654434703,,4.52865938250307,,,196.913906913217
2014,MLI,65,,,1.02843689311599,14004067516.3577,7.043356203659529,819.621297242724,3.94893260330991,5.5250694134695495,2.17972917103724,1.5575359235868897,,55.134533439551795
2014,MLT,1,,41.4961262341064,-2.8570093375985803,10737561363.9379,3.46097915656811,25125.0956185779,2.4950360569277596,-0.388991172166371,1.96676071940173,0.5263502576332341,0.8480899930000309,286.76864906275904
2014,MEX,5,,,2.07583255959616,1298175699755.5,2.2453085669358996,10353.4479828794,0.903310398801452,5.96944524291759,4.70918458291672,0.6673504678758471,0.5381199717521671,65.67948615453939
2014,MOZ,22,,,29.472094164793102,16961127045.8266,7.4438374285402205,623.197936625371,4.48657212000319,14.5542676045946,2.63398407223769,1.02441412273758,,118.12260569489099
2014,MMR,8,,,3.3168499476326097,65574726566.3779,7.9912433435203205,1227.1372167517,7.0751079938674994,33.549661309003895,4.17353811733807,3.5790302004184102,,42.2588121887143
2014,NPL,7,,15.4358671923211,0.153459044653957,19811974851.5518,5.9889846608802495,703.182570716641,4.71092367204353,20.9403810910551,9.352201205049061,1.5882678246886102,,52.255195679204505
2014,NLD,1,73.2479849413582,41.9160854770983,11.5267806448131,879635084124.987,1.41969029584088,52157.4068701887,1.0554094630443298,4.20771554168616,0.149996599425435,1.1746464597712198,1.9728000164032,154.28848520681498
2014,NZL,1,56.93968747409429,32.5781018877477,1.64666731924846,200142409766.821,3.5761757996746404,44380.426584212,2.02357818030792,7.42863971419806,0.17202650688462,1.13703058940562,,55.2350161651331
2014,NIC,2,,15.5458583817832,7.49349773281046,11790221756.2778,4.56521214601311,1960.4909077131301,3.37823898268803,3.4895037191762,8.869115225034351,0.690334183474821,,102.395346105997
2014,NER,5,,,9.96775258634266,8245312136.56544,7.0497979480429604,431.381682137856,2.8220436487221003,6.215082356265941,0.524376820166992,,,60.1819503773482
2014,NGA,634,,,0.8189723575463709,568498939784.021,6.30971825251392,3203.2442957326098,3.51865424571179,5.969237447862509,4.66262373910699,0.41471877498454207,,30.8851935972786
2014,PAK,2100,,18.0120192436629,0.764033888378888,244360888750.807,4.674707981437249,1320.55354981784,2.4959360724812405,0.254363101655187,7.41155324090015,3.4765794403031802,,30.9012446161031
2014,PRY,14,,19.233315847731603,1.4864075641806298,30881166852.3116,4.722333744886679,4712.87020536405,3.33431314526227,5.27351456584175,5.13903095376746,1.3988674629840299,,88.0707726139262
2014,PER,12,19.3186117220959,20.2177267748989,3.92223981011935,201021342537.156,2.35433303756285,6490.1811897568705,1.00708441520503,-1.00261254780204,2.57160361843761,1.45695364238411,,46.7924594414661
2014,PHL,580,45.3548357252452,13.391037386589199,2.0150578962467898,284834199296.32,6.21842575154629,2873.08818884252,4.53950745828831,9.30982587148432,3.17685939713932,1.08945073091121,,61.26338980200379
2014,RUS,48,11.356362087515302,26.830078874865197,1.07322913948801,2052806729652.36,0.706370560425242,14051.599123978998,-1.07468330529909,-7.57730033037146,8.98608509205128,4.17024442521887,1.18691003322601,48.4452695484886
2014,RWA,2,,16.807377562242802,3.68705935284172,7912161659.7618,7.00913242009133,697.626501273706,4.523452434461429,9.43012211668928,3.6518456705557205,1.1493234476367,,46.1723818350324
2014,SAU,14,,,1.06280835793947,753831733333.333,3.63869904904455,24406.4764554706,1.3385484052634,6.63324033790506,-2.2799694331425,10.7135845346919,,80.9098688336814
2014,SEN,2,,,2.63376434562175,15284658818.4015,4.31105102139782,1041.71746058997,1.1011055079486203,4.399522323257361,-0.961718723163258,1.5695058325621798,,75.39654172477991
2014,SOM,601,,,7.68549672392421,5647000000.0,,536.9111436302439,,,,5.275522150666261e-05,,76.1643350451567
2014,ZAF,20,,33.7572482147858,1.64861308410332,351304928727.413,1.6288715426143798,6498.58899959915,3.4579296084302802e-06,-0.5061018759306961,5.701272555360861,1.1082902066748601,,64.08693578960539
2014,SSD,34,,,0.00779866869804756,13282084033.8983,3.3736484771573596,1115.0935149602499,-0.595765402990182,5.099999999999991,-3.08515664245506,9.77473212998617,,54.1638639978693
2014,ESP,3,,21.5785277959199,2.5899347389439105,1381342101735.68,1.3606730168644698,29718.5002155441,1.6641452130040602,6.3742531334005,-0.396462549040706,1.2343569672288601,1.23138999938965,62.595854623689
2014,LKA,16,70.7365951793945,14.647575976226001,1.11668299812496,80025305461.5834,4.87860303349355,3852.74206641873,3.90914119812544,9.56664924774509,3.86073510406382,2.5266833070456203,,49.8308749215197
2014,SDN,127,,,1.5231365740592302,82151588418.8325,2.67941181278037,2087.7005435548604,0.500121054134524,-10.9835824648352,33.8951741442705,,,19.458834255033
2014,SWE,5,,32.8927261458429,-1.62899858188108,573817719109.402,2.60432656462434,59180.1989776727,1.5913002286650801,6.28081489593609,1.77736978830542,1.1424391136038001,3.1609001159668,85.7506528078357
2014,SYR,283,,,,,,,,,,,,
2014,TJK,1,,,3.34881558615246,9236309138.04277,6.69925065988284,1113.36635446715,4.3333780825569805,,5.46374300346335,1.12838009700648,,53.903717558524
2014,TZA,11,,17.5992167079687,4.24205071121806,48197218326.7942,6.96513331674484,957.934534330474,3.64923394902161,2.9004236509708194,5.03747412234796,1.02960149132918,,49.2025178022855
2014,THA,423,30.1963477044348,19.453253059340398,1.2305736004412,404320038916.49603,0.8176331017840821,5969.9401158379105,0.408924548578412,-5.27975893371,0.9629370873646508,1.41714083072233,0.482859998941422,131.956512501986
2014,TUN,23,,,2.15269948879071,47603227896.5659,2.86812367021876,4328.90419734881,1.8381889252893,,4.53926862214402,1.93637398534944,0.641030013561249,102.121485844387
2014,TUR,80,36.9136260034774,34.961474812244504,1.56776240021012,798781754066.9191,3.02011821310668,10303.6987055756,1.2923710643908202,-0.27894800103955203,8.27094452396562,2.22467466325128,1.00713002681732,60.01304993707021
2014,TKM,1,,,9.58338985920944,43513684210.5263,10.2999999705459,8199.00938322259,8.90545167151757,,0.644834158931886,,,
2014,UGA,6,29.404564371367602,12.181695254525001,3.8131613265293396,27760811822.5182,5.183828962891701,734.744015300391,1.81647395599585,2.4057143218175296,3.44011635142761,1.20164905585521,,45.5397081214841
2014,UKR,820,63.6653191884884,43.540700037494105,0.6344407167365611,133503411375.739,-6.55261889108043,3104.6582957544897,-1.14453180874146,-22.1056777137263,15.9018087091171,3.0211447998159997,0.6587200164794921,100.691782483624
2014,ARE,2,,3.9067075876908905,2.69266378805381,401958066712.049,3.07988433054452,44238.5997740128,2.55619978856446,12.344570136013301,0.34730278308710205,5.6610560557543,0.699999988079071,173.35534493842601
2014,GBR,103,109.660627277117,39.728392081120205,2.3797317348822595,2998833559195.71,3.0704837940677594,46412.1172713997,2.29692029727869,2.53357993774044,1.64553234384388,1.97213412492867,1.70069003105164,58.136769676484796
2014,USA,26,97.0981198696978,22.9363156188979,1.19223694587447,17393103000000.0,2.3704576714638703,54539.665575211904,1.57436655394234,4.4145236813395,1.7903516718516201,3.5066428342314797,,30.2381581940842
2014,VEN,4,,,,,-3.89438647450662,,-5.20250603320184,-18.532111994279603,40.4404901065548,1.15602762885711,,48.090813525564606
2014,YEM,713,,,-0.539237345667215,43228583935.0365,-0.188690232450909,1650.97459711297,-2.6682184980806096,,7.16332078342425,3.96689108823111,,49.8365748424454
2014,ZWE,1,,,3.33030157085211,14196912500.0,3.84829030719978,931.1981846869198,1.4794764242065002,-6.69682062554479,1.3386918568681498,2.5928172762915898,,79.5608826919233
2015,AFG,1839,,,0.874678514378757,19331286549.3323,0.84071852799228,594.323081219966,-1.9465865993342,,3.81714892377272,1.01255579897999,,56.9791153844575
2015,ALB,4,,,8.69648663247406,11398392444.316002,2.80000000053559,3945.21758150914,2.9596528001149798,-1.39999999581801,0.15953541940424998,1.16113478483298,,72.0931273266492
2015,DZA,16,,,-0.241788793531833,166838617796.555,3.89999999999992,4206.03123244958,1.98216038568944,,-6.0241949734025,6.23794660869253,,
2015,ARG,1,,,2.0540697940188797,583168571071.407,2.37229601701262,13431.8783398577,1.34253341805253,5.5431193277103,23.748350567733496,0.862948056192502,,22.931821662241397
2015,ARM,2,,,1.6948411761988402,10529182498.3475,2.99999999999983,3489.12768956995,2.60550443514805,-15.1,1.17832686639846,4.24895108174756,,71.757508660916
2015,AUS,7,,,2.8853694858654904,1339140527498.13,2.24002857543144,56310.9629933721,0.8768249843555079,-0.00353917572597595,-0.6518224796043199,1.95065215378813,,41.0069381235193
2015,BHR,18,,,-4.699521161516531,31125851063.8298,2.8629558752814,22600.2140981035,1.7197080061180499,,-9.36925158471993,4.59271386239118,,
2015,BGD,463,,,1.7327632112878302,195078665827.565,6.552633316028019,1211.70153057661,5.283147425286701,3.2027051816988905,5.872776576683919,0.00137252736537788,,42.0859990835216
2015,BIH,6,,,1.8123420496781901,16191716214.6829,3.03482672375767,4249.3303131949,3.2278404506458096,,1.4449935342942,1.00235046007608,,
2015,BRA,5,,,4.23020875522449,1774724818900.48,-3.84736249471105,8538.5899749574,-4.6660135200361506,-14.3198028360322,7.96989203654881,1.3866682971079498,,27.3674142985184
2015,BGR,2,,,3.68580184356058,50199117547.0415,3.6174426325092703,6993.47735975728,4.28070769325342,5.44306299712937,2.20583991891108,1.31645318203049,,128.066637324589
2015,BFA,4,,,1.56765464401061,10678201939.3595,4.0210494090787705,589.774414136617,1.05436250966247,4.93202986468579,0.266895061363897,,,65.41224299686111
2015,BDI,97,,,1.6008775779547801,3097324739.82522,-3.9049193526436605,277.068309170914,-7.017230549248639,-14.1,5.8867759680357095,2.13616119690109,,35.782668855713
2015,CMR,74,,,2.18229191204943,28415950981.4447,5.77324758060715,1217.26067048427,3.18528006397794,6.77845681069418,0.27052151399766394,1.24512988944819,,49.6316923113539
2015,CAN,5,54.787201858731606,17.301471092448498,3.5913623148067897,1550536520141.93,1.07826875075381,43248.529909341,0.209585604017292,0.290171246744336,-0.5530566205251689,0.969375098321575,,65.3800154087556
2015,CAF,45,,,0.18942063526955802,1583776759.97697,4.79988608115663,323.201674024141,2.7476768641667904,,6.16229806836537,,,47.190623559965296
2015,TCD,26,,,5.51226859500323,10888798113.7866,1.7999995211984399,775.6950905253129,-1.46644717122157,-20.6000020337217,-8.09278474614045,2.02944820964625,,67.15105026351621
2015,CHL,1,,21.9317118257196,8.49565583306383,240796388428.74,2.30556699457074,13416.230039018501,1.24823917192379,-2.8384832094772596,4.3321945031404,1.91615274404219,,60.233477988775796
2015,CHN,15,,,2.2698515825686,11007720594138.9,6.914330108058441,8027.6838101390695,6.37243705351504,,-0.43495803147907003,1.95101963802595,,40.671681677675096
2015,COL,133,,,4.01678407362623,292080155633.31,3.08328596730483,6056.14771720405,2.1485841998750503,3.8854736270081096,2.55959719516481,3.3771659826009603,,38.950663608245705
2015,CYP,3,,,40.956825573583295,19559942331.1523,1.67927372879697,23242.8400685313,3.0031448878013802,2.12944564281842,-1.26077499865519,1.8081101308597698,,122.101013766357
2015,CZE,4,,,1.33861417519408,185156359571.11603,4.5356286985865895,17548.3382129701,4.27930326493862,8.2202795459456,1.00164285354121,0.9603029015624809,,159.780332695519
2015,COD,109,,,,,,,,,,,,
2015,DNK,4,,,0.566283430390265,295091333721.319,0.988024995480515,51989.2934712354,0.40930118794344106,-0.0012305062638375802,1.20145062017399,1.17339689233167,,100.572242534932
2015,DJI,0,,,7.179989837171919,1727000000.0,6.50050830791793,1945.1242931044396,5.098631842351111,,2.1146854568166598,,,
2015,ECU,1,,,1.0581923685445,100176808000.0,0.157743724332676,6205.0641452995105,-1.3401652826073,-8.58148807085129,-2.22228519505586,2.69270049167609,,44.3343083960112
2015,EGY,577,,,2.08139251625648,330778550716.74603,4.2,3614.74676616271,2.00412035727904,0.6097560975609749,10.940663410373899,1.73345542843032,,34.8547205531319
2015,EST,2,,,-2.9030734698290894,22459443273.8161,1.44421310300862,17118.5042003236,1.64114816752345,-1.40623887522383,1.03813063396532,2.0343991214556,,154.422991080246
2015,ETH,6,,,3.5222784452347202,61539711686.6936,9.607518001010789,619.169406475891,6.92550325905761,4.62393740565395,6.3596439482549,0.707540718222384,,37.173215769079206
2015,FIN,9,,,7.33897086839127,231949650659.865,0.21029027568411604,42311.0362306446,-0.164464611059472,1.90337717269182,1.62935224729148,1.28425189697297,,73.6924393614122
2015,FRA,36,,,1.44568541674404,2418835532882.33,1.2741803246989298,36205.5681017036,0.800547991398986,6.63320107849799,0.6382798951659789,2.1024142345204,,61.432493498586
2015,GEO,1,41.3654700843913,25.741796340676498,11.2495909196346,13965385801.7891,2.7749280945405,3795.9733084504205,4.115835011783741,9.69046347113911,5.78204037099069,2.34132524386819,,109.954192665891
2015,DEU,50,,,1.37439692378868,3363446822668.29,1.7207335002516002,41313.3139945434,1.18266897420713,5.4722900489364195,1.96947445513199,1.1710882940629501,,85.9938604994692
2015,GRC,31,,,0.585539942310243,194851319174.892,-0.21914717826305702,18002.230577668797,0.41400308383225604,0.30967996416993104,-1.04375649176819,2.60817695661914,,63.686262647164604
2015,GIN,2,,,1.2688075448182299,6699203543.29047,0.09999452777447,531.320595188714,-2.5442031562968,1.31220025316907,7.8233951090785805,,,78.1023790057232
2015,HUN,1,,,-2.15612573554604,121715203207.64699,3.14808382902419,12363.543459653898,3.3763055886581403,6.10379056206864,1.7321301524301398,0.840509718341227,,172.54291977661
2015,IND,847,,,2.10029239302055,2095398349095.54,7.56336717950757,1598.25903421916,6.27044265260412,-2.7622381525188198,1.06718630403606,2.42141917655536,,42.4120542028434
2015,IDN,28,,,2.32665970146215,861933968740.332,4.79392130382234,3346.48703949478,3.5289603126650095,-5.84267397336882,4.2308651659033,0.8862738319694549,,41.937710188221295
2015,IRN,9,,,,,,,,,,,,
2015,IRQ,2626,,,1.9262295252901998,180068537409.153,3.01992456355764,4943.76038832056,-0.23302374838298998,,-23.495237993634802,7.27735490009515,,56.9200761179829
2015,IRL,29,,,71.71697540435909,283703217034.49,26.2760572694316,61133.672427322,25.6372080966723,21.686032052077497,4.8791197709549,0.35060466784445504,,216.242826811831
2015,ISR,58,,36.80995824960571,3.84422040456482,299415714726.768,2.5078360615900097,35728.0934951515,0.49324957414980003,-0.5006049965598289,2.76548613390875,5.376152507273151,,58.431613146595204
2015,ITA,5,,,0.7141283820382841,1821496964400.58,0.731730561315075,29957.804315437203,0.7102843847223571,6.049060798023991,0.6252703032233461,1.30866991202318,,57.038704575404395
2015,CIV,3,,,1.3544333215933702,31759248867.8039,9.163380702907599,1398.9899576841299,6.54532696860335,19.4546453801991,1.8215069357928002,1.46531925101075,,75.7145420066807
2015,JPN,10,,,-0.0009556281446819631,4383076298081.86,1.21943813894599,34523.7007742331,1.3576263393659398,0.12747342536279402,2.03533450547235,0.9326585180678292,,35.594761765821296
2015,JOR,4,,,3.39785908148493,37517410281.6901,2.38268685636369,4940.04583574111,-0.0232003976271074,-3.04666811505933,2.28142875976592,4.3074837146125295,,98.07803297693759
2015,KEN,68,,,2.26663153853961,63398041540.367004,5.649197077702921,1376.7128289488098,2.9266110345787104,-1.16812462130397,9.14268685289316,1.50522085049906,,44.8067747911475
2015,KWT,1,,,0.24960067026965901,114041209704.221,1.8469992622179299,29300.5755750333,-1.79012908970709,5.09205762267932,-27.206014582098497,,,99.6415561707708
2015,KGZ,2,,,17.3354494207497,6571853849.00585,3.46928102597576,1103.2153515202,1.35890371446727,-16.998160244619,2.18051223599356,3.5837412114895897,,108.382512796968
2015,LAO,2,,,8.724534715726369,12369080042.8375,7.350386007732401,1818.4413729323603,5.571377386040031,,-0.6408431176193969,,,86.9691519182664
2015,LBN,43,,24.28091274205,4.97376144986537,47084703150.9121,1.30000000005757,8047.64508557496,-2.8319437718725697,1.2419500784558302,1.63896007194975,4.75614359627978,,121.93021574639299
2015,LSO,1,,,4.97003349741155,2278037785.7279,1.6119404351862,1066.98562625017,0.38285316501350103,,3.8144220240222504,1.89298175883676,,
2015,LBY,483,,,,,,,,-15.7069182839977,,,,
2015,MKD,4,,,2.9407453414211697,10086021261.4631,3.6652803609358995,4852.6578476699,3.5242305451061804,2.3955299102100898,2.80112542207873,1.06509293016315,,113.32987804880699
2015,MYS,5,,,3.7000822285367203,296283190372.552,4.96878521601461,9768.32686011881,3.48407821154481,1.24869464749928,-0.37108283556507604,1.53508582411372,,134.155076248732
2015,MDV,2,,,9.427927954051722,3435244658.76626,2.84664349798271,8395.78519750383,0.794803153489127,,7.850249310899639,,,171.209343398943
2015,MLI,112,,,1.19985143660998,12746688961.7795,5.96258159051517,724.256283193304,2.86991354692516,5.67437656702592,2.7582483921388703,2.4255000221283303,,52.1061852203722
2015,MLT,1,,,25.84482948655,9746478873.23944,6.154958235168119,22596.181774265897,5.1781513846944005,5.571405552448749,2.2975794342279703,0.573096354285194,,278.265668381048
2015,MEX,19,,,2.80264826387286,1143793184190.1,2.4649559253705298,9005.02426497766,1.14891073364088,5.03195110676896,2.52143723397576,0.676652500688003,,72.8288163709212
2015,MNE,1,,,17.5501804710939,3987061627.5110703,3.15119138092896,6406.070855336329,3.0553968144877897,7.87114242282713,0.7873334306260631,1.6272736629234699,,104.30857559312
2015,MAR,1,,,3.23372871708098,100593283696.732,4.50848746470318,2878.20134215919,3.10961873187046,-3.1411488075243503,1.74884176195398,3.2490890561512,,76.3791929124038
2015,MOZ,6,,,26.1250361391366,14807075727.4667,6.609723213823429,529.242556068943,3.7076938746545696,-11.838611122581801,4.42699321866363,0.9929159866078371,,99.69023121243879
2015,MMR,27,,,6.523610224008629,62600906116.0987,7.294031845397019,1161.4881579108699,6.37831154263813,36.687249051445,3.93893516235448,3.50231345390768,,47.316767095840305
2015,NPL,47,,15.9899512144417,0.24485007805264303,21194888047.8339,2.7252721909615,743.322965726435,1.5040556576388002,9.58719130034069,5.073712155825151,1.5089814082252901,,53.337634188387
2015,NLD,2,,,13.566740176985302,750283908173.45,1.95171098230912,44299.768085382995,1.5212346651101598,5.76977266424257,0.0862492455714374,1.1825030929846498,,154.14711225353997
2015,NER,39,,,7.34961310841033,7142951342.4223,3.60530160522534,358.958152040005,-0.48386289241732106,2.4217703375339,0.026400789347349,,,56.6164421336925
2015,NGA,582,,,0.650345417194235,481066152870.266,2.65269362304348,2640.2907388575,-0.00992406269723745,-26.821310893379998,2.8636643978093903,0.41763653774706,,21.446929667070602
2015,PAK,1202,,,0.3611881237132,271049886672.733,4.712457803694719,1434.69666504969,2.5616245195421805,-1.6073580710266102,4.31886212418469,3.5545584974851,,27.604292057954197
2015,PRY,18,,,1.1636015879028998,27093938619.3333,2.96223631116965,4080.95144785437,1.6191305311248,-4.037812890362431,-0.604785735474593,1.7051370141254398,,84.45516887869721
2015,PER,10,22.6493603114222,20.6483584013878,4.13360973678343,189111139010.075,3.25120242475616,6027.1258552955105,1.9233326506583102,-0.8222992251264,2.23807126116438,1.6064840247822902,,45.008439455825204
2015,PHL,708,,,1.9952919982514299,292451392606.609,5.9050145623096,2904.2020819152804,4.26362947005092,19.3479359319048,-0.6318643589748381,1.32329054514367,,63.03549254366779
2015,QAT,1,,,0.650430923001193,164641483516.484,3.55101568700967,73653.3944346574,0.6191575334587179,-9.173102856442311,-22.901811514033998,,,92.05616599504421
2015,RUS,21,13.9234031069224,31.5868626540273,0.48665582214194497,1331207745853.38,-3.72667344001421,9092.580536068841,-3.9340216039501,-25.6703310638905,7.68120051388661,5.0088912229058,,50.738011267061204
2015,SAU,97,,,1.2602172047387301,646001866666.667,3.48561679152148,20481.745322048402,1.34037607051951,-2.7808575906715296,-17.1906520704651,13.4962251915062,,72.527757401733
2015,SEN,1,,,2.53645665057606,13609989582.0353,6.48519475353841,899.5798794849769,3.27066539663825,11.999999999818401,0.031975357356842,1.57845930363773,,75.2954862489696
2015,SOM,335,,,8.708860759493671,5925000000.0,,549.266976567576,,,,3.53636075522628e-05,,76.1518987341772
2015,ZAF,2,,,0.5007344266977419,314571945857.401,1.26465137815678,5723.97335690212,-0.390523296614106,5.330246876544269,3.95689741883058,1.0999822602795701,,62.4524615357017
2015,KOR,1,,,0.365926294028936,1377873107856.33,2.61193540870619,27221.524050966098,2.2204993102917596,3.22605194455414,2.20977670570524,2.6437010595784702,,84.8428404748775
2015,SSD,44,,,-3.0725813271000497,9015221096.244741,-6.3497779521387505,730.580100916022,-9.60275355467878,-0.0999999999999943,0.46812647450642,10.9285145134453,,67.3556725363966
2015,LKA,11,,,0.8275882327344759,82316172384.325,4.785984567235871,3926.17439589454,3.81139394477039,10.5970174515064,2.14345751210057,2.20956039494886,,48.477567283841296
2015,SDN,117,,,1.7876015042853501,97156119150.0,4.9060451745281695,2414.72360102858,2.5995707375023196,2.49999883995081,17.9037584478598,,,19.1008041102885
2015,SWE,36,,,3.36577441667571,495623697305.492,4.12388430127406,50579.67364867769,3.03193457822093,5.485652444943299,1.98371529149763,1.08489233482924,,86.4459262955426
2015,SYR,423,,,,,,,,,,,,
2015,TJK,3,,,5.426250497626111,7853450374.0001,6.0,925.91188767081,3.6753210235261,,0.124298966900341,,,52.790404449439706
2015,TZA,14,,,4.29685937275051,45628247290.4618,6.95937442186003,878.97510552608,3.66873194344765,-2.11918324823581,6.56456383901127,1.12410700156424,,47.965262380246294
2015,THA,277,,19.048249607971698,2.27840202308975,395168025882.03,2.8283352875791903,5814.7697638235495,2.47521134346704,-0.35058738546047197,0.221705797044123,1.45165963281304,,126.801221197973
2015,TTO,1,,,6.870355696161231,23559287483.9276,-0.578521567736374,17321.884675056,-0.988243134732642,56.0100110711159,-9.92032311140343,1.07937146831551,,84.2186936843997
2015,TUN,17,,,2.2449772193190096,43015089722.6754,0.9946425233517,3872.51208364171,-0.0164131536137262,,3.3797787720609302,2.27712305518948,,92.5727437353635
2015,TUR,409,,,2.3620946389721498,717879788566.76,3.9719451495955402,9125.68758972936,2.4625181444710096,0.20993686929169503,7.429248557943269,2.12769666403059,,58.801892183818
2015,UGA,9,,,3.8406473242322003,27529249701.1469,5.14383772696638,705.2925695350681,1.77822275587623,0.100411201205517,5.07979490907266,1.1992438255591,,46.4754185546751
2015,UKR,609,,,3.36588778342354,90615023323.7353,-9.86978436230361,2114.9547162844397,-9.5414062668703,-21.9670981998078,38.39557869370179,3.99730633334984,,107.532314401215
2015,GBR,115,,,1.7648211330379502,2858003087965.69,2.2215021283306298,43875.9696143686,1.3975060369794399,5.38556785761834,0.414745423155765,1.94025248931813,,56.460787526333796
2015,USA,38,97.8324741936528,22.755974391694103,2.10368356692441,18036648000000.0,2.59614804050973,56115.7184261955,1.7945088722875802,4.58130371352235,1.07592055570356,3.30451644895437,,28.0018604343778
2015,UZB,1,,,1.60100283019099,66732736498.1951,7.99999999716303,2132.07036847857,6.130500484440381,-13.376340561045302,9.530820840343608,,,42.839394071273105
2015,VEN,3,,,,,,,,,,,,
2015,YEM,570,,,-0.0409308345929754,37733919936.2465,-28.0968348895933,1406.2916511457001,-29.8347460831917,,21.398384173148,,,32.7264415171829
